,0,1,2,3,4,5,6,7,8,9,10,11,12,13,14,15,16,17,18,19,20,21,22,23,24,25,26,27,28,29,30,31,32,33,34,35
கண்கள் வலிமை,வீக்கம் வலி,பற்கள் வலி,ரத்தம் வலிமை,,,,,,,,,,,,,,,,,,,,,,,,,,,,,,,,,
நாள்பட்ட இருமலும்,,,,,,,,,,,,,,,,,,,,,,,,,,,,,,,,,,,,
வாத வலிகள்,ஆன வலிகள்,வாதம் வலி,கை வலிகள்,,,,,,,,,,,,,,,,,,,,,,,,,,,,,,,,,
வயிற்றுப்போக்கு,வயிற்றுப் புண்கள்,வயிற்றுப்புண்,வயிற்றுப் புண்,வயிற்றுப்போக்கும்,வயிற்றுப் புழுக்கள்,,,,,,,,,,,,,,,,,,,,,,,,,,,,,,,
இதய நோய்,ரத்த நோய்,இதய நோய்கள்,இனம் நோய்,,,,,,,,,,,,,,,,,,,,,,,,,,,,,,,,,
ஆண்மைக் குறைபாடு,அஜீரணக் குறைபாடு,ஆண்மைக் குறைவு,ஆண்மைக் குறைபாடுகள்,ஆண்மைக் குறைபாடும்,ரத்தம் குறைபாடுகள்,ஆண்மைக் குறைவும்,ரத்தக் குறைபாடுகள்,,,,,,,,,,,,,,,,,,,,,,,,,,,,,
மலக் கிருமிகள்,,,,,,,,,,,,,,,,,,,,,,,,,,,,,,,,,,,,
கடுப்பு நீர்,அடைப்பு நீர்,கடுப்பு பேதி,கறுப்பு நிறம்,கொழுப்பு கீரைய்,நீர்க்கடுப்பு நீர்,,,,,,,,,,,,,,,,,,,,,,,,,,,,,,,
நோய் உப்புசம்,வயிறு உப்புசம்,,,,,,,,,,,,,,,,,,,,,,,,,,,,,,,,,,,
எலும்பு ஜுரம்,,,,,,,,,,,,,,,,,,,,,,,,,,,,,,,,,,,,
சிறுநீரகக் நீர்,சிறுநீரகக்,சிறுநீரக நோய்கள்,,,,,,,,,,,,,,,,,,,,,,,,,,,,,,,,,,
தலை பாரம்,தலைவலி பாரம்,,,,,,,,,,,,,,,,,,,,,,,,,,,,,,,,,,,
புண்ணும்,,,,,,,,,,,,,,,,,,,,,,,,,,,,,,,,,,,,
கர்ப்பப்பை கோளாறுகள்,கர்ப்பப்பை வீக்கம்,நரம்புக் கோளாறுகள்,கருப்பை கோளாறுகள்,கருப்பைக் கோளாறுகள்,பூச்சிக் கோளாறுகள்,கல்லீரல் கோளாறுகள்,மாரடைப்பு கோளாறுகள்,,,,,,,,,,,,,,,,,,,,,,,,,,,,,
வலி ஜலதோஷம்,நோய் ஜலதோஷம்,,,,,,,,,,,,,,,,,,,,,,,,,,,,,,,,,,,
வாய் துர்நாற்றம்,வாய் நாற்றம்,,,,,,,,,,,,,,,,,,,,,,,,,,,,,,,,,,,
வாயுப் பிடிப்பு,கால் பிடிப்புகள்,இடுப்புப் பிடிப்பு,தசைப் பிடிப்பு,மூச்சுப் பிடிப்பு,,,,,,,,,,,,,,,,,,,,,,,,,,,,,,,,
கால் பிடிப்பு,கை பிடிப்புகள்,கால் பிடிப்புகள்,கல் அடைப்பு,கை பிடிப்பு,தசைப் பிடிப்பு,,,,,,,,,,,,,,,,,,,,,,,,,,,,,,,
தோல் நோய்களைக்,தோல் நோய்களைத்,வலிகள் நோய்கள்,தொண்டை நோய்கள்,தொற்று நோய்கள்,குடல் நோய்கள்,தடவினால் நோய்கள்,பித்தம் நோய்கள்,எடை நோய்களைக்,உதட்டு நோய்கள்,இருமல் நோய்கள்,நோய்கள் நோய்கள்,வலிப்பு நோய்கள்,தோல் நோய்கள்,தவளைச் நோய்கள்,,,,,,,,,,,,,,,,,,,,,,
கழுவினால் முகம்,தடவினால் குணம்,,,,,,,,,,,,,,,,,,,,,,,,,,,,,,,,,,,
மார்பு நோய்கள்,அருகம் நோய்கள்,புண்கள் நோய்கள்,உதட்டு நோய்கள்,நரம்பு நோய்கள்,சிரங்கு நோய்கள்,பித்தம் நோய்கள்,அஜீரணக் நோய்கள்,காமாலை நோய்கள்,இரைப்பு நோய்கள்,மேகம் நோய்கள்,கரப்பான் நோய்கள்,கடுப்பு நோய்கள்,தொற்று நோய்கள்,கருப்பை நோய்கள்,மறைப்பு நோய்கள்,சரும நோய்கள்,வாந்தி நோய்கள்,நாள்பட்ட நோய்கள்,மண்ணீரல் நோய்கள்,தைராய்டு நோய்கள்,கரும்படை நோய்கள்,நீரழிவு நோய்கள்,இருமல் நோய்கள்,வலிப்பு நோய்கள்,பார்வை நோய்கள்,புண் நோய்கள்,,,,,,,,,,
புண் புண்,ஆசனப் புண்,புண் குடல்,குடல் புண்,தீப்புண்,குடல்புண்,,,,,,,,,,,,,,,,,,,,,,,,,,,,,,,
சர்க்கீரை நோய்,சர்க்கீரை நோயும்,சர்க்கீரை சிறுநீர்,,,,,,,,,,,,,,,,,,,,,,,,,,,,,,,,,,
ரத்தக்கொதிப்பு,,,,,,,,,,,,,,,,,,,,,,,,,,,,,,,,,,,,
வெளியேறுதல் பிரச்னை,வெள்ளைப்படுதல் பிரச்னை,,,,,,,,,,,,,,,,,,,,,,,,,,,,,,,,,,,
ரத்தம் சக்தி,சுத்தம் ஆகம்,ரத்தம் வலிமை,,,,,,,,,,,,,,,,,,,,,,,,,,,,,,,,,,
மார்புச் சளி,நெஞ்சுச் சளி,மார்ச் சளி,,,,,,,,,,,,,,,,,,,,,,,,,,,,,,,,,,
நலப் பாதிப்புகள்,மனநலப் பாதிப்புகள்,புண் வெடிப்புகள்,கால் பிடிப்புகள்,மன பாதிப்புகள்,பல் பாதிப்புகள்,ஆன பாதிப்புகள்,கல்லீரல் பாதிப்புகள்,,,,,,,,,,,,,,,,,,,,,,,,,,,,,
மூச்சுப் பிடிப்பு,இடுப்புப் பிடிப்பு,தசைப் பிடிப்பு,,,,,,,,,,,,,,,,,,,,,,,,,,,,,,,,,,
காது நோய்கள்,உதட்டு நோய்கள்,கண் நோய்கள்,கப நோய்கள்,இதய நோய்கள்,வலி நோய்கள்,சிரங்கு நோய்கள்,காமாலை நோய்கள்,உஷ்ண நோய்கள்,மேகம் நோய்கள்,வாத நோய்கள்,கடுப்பு நோய்கள்,தொற்று நோய்கள்,கருப்பை நோய்கள்,காச நோய்கள்,ஆன நோய்கள்,கபநோய்கள்,பேதி நோய்கள்,சரும நோய்கள்,வாந்தி நோய்கள்,வயிறு நோய்கள்,சொரி நோய்கள்,குடல் நோய்கள்,படை நோய்கள்,சளி நோய்கள்,பல் நோய்கள்,தோல் நோய்கள்,புண் நோய்கள்,,,,,,,,,
நாள்பட்ட நோய்கள்,கரப்பான் நோய்கள்,தைராய்டு நோய்கள்,நாள்பட்ட விக்கல்,கரும்படை நோய்கள்,உதட்டு நோய்கள்,நாள்பட்ட புண்கள்,நரம்பு நோய்கள்,நோய்கள் நோய்கள்,நாள்பட்ட வீக்கம்,,,,,,,,,,,,,,,,,,,,,,,,,,,
ஒழுகுவது,,,,,,,,,,,,,,,,,,,,,,,,,,,,,,,,,,,,
டால் புண்கள்,குடல் புண்கள்,குடல் புழுக்கள்,தடவினால் புண்கள்,வாய் பற்கள்,குடல் புண்,மூலப் புண்கள்,கராம் புண்கள்,ஓமம் புண்கள்,,,,,,,,,,,,,,,,,,,,,,,,,,,,
சைனஸ் தொல்லைகள்,,,,,,,,,,,,,,,,,,,,,,,,,,,,,,,,,,,,
சைனஸ் பிரச்னை,,,,,,,,,,,,,,,,,,,,,,,,,,,,,,,,,,,,
வெட்டை நோய்,,,,,,,,,,,,,,,,,,,,,,,,,,,,,,,,,,,,
வலி வலி,பல் வலி,வலி விஷம்,தலை வலி,,,,,,,,,,,,,,,,,,,,,,,,,,,,,,,,,
பல் தொல்லைகள்,பேன் தொல்லை,,,,,,,,,,,,,,,,,,,,,,,,,,,,,,,,,,,
ரத்த சோகை,ரத்த நோய்,,,,,,,,,,,,,,,,,,,,,,,,,,,,,,,,,,,
கால் வலிகள்,உடல் வலிகள்,கால் வீக்கம்,கை வலிகள்,,,,,,,,,,,,,,,,,,,,,,,,,,,,,,,,,
நீர் வடிவது,நீர் கசிவது,,,,,,,,,,,,,,,,,,,,,,,,,,,,,,,,,,,
மார்பு வலி,வாய்ப் வலி,மூட்டு வலி,,,,,,,,,,,,,,,,,,,,,,,,,,,,,,,,,,
பார்வைக் குறைபாடுகள்,அடைப்பு குறைபாடுகள்,வடிதல் குறைபாடுகள்,ஆண்மைக் குறைபாடுகள்,சதை குறைபாடுகள்,ஆண்மைக் குறைபாடும்,கசிவு குறைபாடுகள்,ரத்தம் குறைபாடுகள்,நீர் குறைபாடுகள்,அரிப்பு குறைபாடுகள்,ரத்தக் குறைபாடுகள்,,,,,,,,,,,,,,,,,,,,,,,,,,
எரிச்சல்,கழிச்சல்,,,,,,,,,,,,,,,,,,,,,,,,,,,,,,,,,,,
இடுப்பு வலி,இடுப்பு வலிகள்,கடுப்பு பேதி,பிடிப்பு வலி,,,,,,,,,,,,,,,,,,,,,,,,,,,,,,,,,
தாகம் இருமல்,சீத இருமல்,புண் இருமல்,கபம் இருமல்,,,,,,,,,,,,,,,,,,,,,,,,,,,,,,,,,
கர்ப்பப் கோளாறுகள்,கர்ப்பப்பை வீக்கம்,நரம்புக் கோளாறுகள்,அஜீரணக் கோளாறுகள்,சுவாசக் கோளாறுகள்,கருப்பை கோளாறுகள்,தைராய்டு கோளாறுகள்,கருப்பைக் கோளாறுகள்,பூச்சிக் கோளாறுகள்,வாதக் கோளாறுகள்,குடல் கோளாறுகள்,கணையக் கோளாறுகள்,மனநலக் கோளாறுகள்,வாயுக் கோளாறுகள்,கல்லீரல் கோளாறுகள்,ஜீரணக் கோளாறுகள்,மாரடைப்பு கோளாறுகள்,,,,,,,,,,,,,,,,,,,,
முகப்பரு அழகு,,,,,,,,,,,,,,,,,,,,,,,,,,,,,,,,,,,,
மாந்தம்,,,,,,,,,,,,,,,,,,,,,,,,,,,,,,,,,,,,
நீர்க் நீர்,நீர் சிறுநீர்,,,,,,,,,,,,,,,,,,,,,,,,,,,,,,,,,,,
தடவினால் விக்கல்,தடவினால் நோய்கள்,தடவினால் புண்கள்,தடவினால் விஷம்,கழுவினால் வீக்கம்,டால் மலச்சிக்கல்,தடவினால் தலைவலி,தடவினால் கட்டிகள்,தடவினால் வீக்கம்,தடவினால் வலி,தடவினால் குணம்,,,,,,,,,,,,,,,,,,,,,,,,,,
ஆன நோய்கள்,சொரி நோய்கள்,நோய்கள்,இதய நோய்கள்,வாத நோய்கள்,காச நோய்கள்,படை நோய்கள்,வலி நோய்கள்,கபநோய்கள்,கண் நோய்கள்,உஷ்ண நோய்கள்,சளி நோய்கள்,பேதி நோய்கள்,கப நோய்கள்,பல் நோய்கள்,சரும நோய்கள்,தோல் நோய்கள்,புண் நோய்கள்,,,,,,,,,,,,,,,,,,,
ஆண்மைக் குறைபாடுகள்,ஆண்மைக் குறைவு,அடைப்பு குறைபாடுகள்,வடிதல் குறைபாடுகள்,சதை குறைபாடுகள்,ஆண்மைக் குறைபாடும்,கசிவு குறைபாடுகள்,ரத்தம் குறைபாடுகள்,பார்வைக் குறைபாடுகள்,ஆண்மைக் குறைவும்,நீர் குறைபாடுகள்,அரிப்பு குறைபாடுகள்,ரத்தக் குறைபாடுகள்,,,,,,,,,,,,,,,,,,,,,,,,
கருங்கரப்பான் புண்கள்,,,,,,,,,,,,,,,,,,,,,,,,,,,,,,,,,,,,
சூலை நோய்,சைனஸ் நோய்,வலி நோய்,,,,,,,,,,,,,,,,,,,,,,,,,,,,,,,,,,
ரத்தம் குறைபாடுகள்,ஈறு குறைபாடுகள்,அடைப்பு குறைபாடுகள்,வடிதல் குறைபாடுகள்,ஆண்மைக் குறைபாடுகள்,சதை குறைபாடுகள்,ஆண்மைக் குறைபாடும்,கசிவு குறைபாடுகள்,பார்வைக் குறைபாடுகள்,நீர் குறைபாடுகள்,அரிப்பு குறைபாடுகள்,ரத்தக் குறைபாடுகள்,,,,,,,,,,,,,,,,,,,,,,,,,
நெஞ்சு எரிச்சல்,வயிறு எரிச்சல்,தோல் எரிச்சல்,உடல் எரிச்சல்,நீர் எரிச்சல்,,,,,,,,,,,,,,,,,,,,,,,,,,,,,,,,
காய்ச்சல் இருமல்,ஆன காய்ச்சல்களும்,காய்ச்சிக் இருமல்,காய்ச் சல்களும்,காய்ச்சல் வலிப்பு,,,,,,,,,,,,,,,,,,,,,,,,,,,,,,,,
நோய் தள்ளுதல்,,,,,,,,,,,,,,,,,,,,,,,,,,,,,,,,,,,,
சத பேதி,ரத்த பேதி,சீத பேதி,,,,,,,,,,,,,,,,,,,,,,,,,,,,,,,,,,
துளிகள் வலிமை,துளிகள் வலி,,,,,,,,,,,,,,,,,,,,,,,,,,,,,,,,,,,
தாமரைப் புண்கள்,தடவினால் புண்கள்,இரைப்பு நோய்கள்,நாள்பட்ட புண்கள்,மறைப்பு நோய்கள்,மூலப் புண்கள்,மலப் புழுக்கள்,கராம் புண்கள்,புண்கள் புண்கள்,ஓமம் புண்கள்,,,,,,,,,,,,,,,,,,,,,,,,,,,
அரிப்பு,அரிப்பும்,,,,,,,,,,,,,,,,,,,,,,,,,,,,,,,,,,,
தொடர் சோர்வு,,,,,,,,,,,,,,,,,,,,,,,,,,,,,,,,,,,,
வலி ஆகியவை,,,,,,,,,,,,,,,,,,,,,,,,,,,,,,,,,,,,
பேதி இருமல்,புண் இருமல்,சவி இருமல்,கபம் இருமல்,சீத இருமல்,சளி இருமல்,,,,,,,,,,,,,,,,,,,,,,,,,,,,,,,
பித்தக் காய்ச்சல்,வாதக் காய்ச்சல்,,,,,,,,,,,,,,,,,,,,,,,,,,,,,,,,,,,
வயிற்றுப் பூச்சிகள்,நாக்குப் பூச்சிகள்,வயிற்றுப் புண்கள்,வயிற்றுப் பிரச்னைகள்,வயிற்றுப்போக்கும்,வயிற்றுப் புழுக்கள்,வயிற்றில் புழுக்கள்,,,,,,,,,,,,,,,,,,,,,,,,,,,,,,
ஆன காய்ச்,,,,,,,,,,,,,,,,,,,,,,,,,,,,,,,,,,,,
நினைவாற்றல்,,,,,,,,,,,,,,,,,,,,,,,,,,,,,,,,,,,,
மூச்சிரைப்பு இருமல்,மூச்சிரைப்பு ஆஸ்துமா,மூச்சிரைப்பு குண,,,,,,,,,,,,,,,,,,,,,,,,,,,,,,,,,,
பக்கவாதம் நோய்கள்,கூச்சம் ஈறுநோய்கள்,புண்கள் நோய்கள்,அழுத்தம் நோய்கள்,பித்தம் நோய்கள்,,,,,,,,,,,,,,,,,,,,,,,,,,,,,,,,
கால் வீக்கம்,ஈரல் விக்கம்,ஈறு வீக்கம்,விரை வீக்கம்,வீக்கம் வீக்கம்,கால் நடுக்கம்,பலவீனம் வீக்கம்,மார்பக வீக்கம்,வலி வீக்கம்,கழுவினால் வீக்கம்,இதய வீக்கம்,கால் வாதமும்,தடவினால் வீக்கம்,கல்லீரல் வீக்கம்,கை வீக்கம்,,,,,,,,,,,,,,,,,,,,,,
கடுப்பு நோய்கள்,அருகம் நோய்கள்,வலிகள் நோய்கள்,புண்கள் நோய்கள்,உதட்டு நோய்கள்,கண் நோய்கள்,நரம்பு நோய்கள்,கப நோய்கள்,சிரங்கு நோய்கள்,பித்தம் நோய்கள்,அஜீரணக் நோய்கள்,இரைப்பு நோய்கள்,மேகம் நோய்கள்,கரப்பான் நோய்கள்,நோய்கள் நோய்கள்,இடுப்பு வலிகள்,மார்பு நோய்கள்,தொற்று நோய்கள்,கருப்பை நோய்கள்,மறைப்பு நோய்கள்,காது நோய்கள்,குடல் நோய்கள்,கரும்படை நோய்கள்,இருமல் நோய்கள்,பல் நோய்கள்,வலிப்பு நோய்கள்,பார்வை நோய்கள்,புண் நோய்கள்,,,,,,,,,
பற்கள் வலி,,,,,,,,,,,,,,,,,,,,,,,,,,,,,,,,,,,,
விரை வீக்கம்,ஈரல் விக்கம்,ஈறு வீக்கம்,வலி வீக்கம்,இதய வீக்கம்,விரை வாதம்,தசை விக்கம்,கை வீக்கம்,,,,,,,,,,,,,,,,,,,,,,,,,,,,,
அடைப்பு சிறுநீர்,உப்புசம் சிறுநீரகக்,,,,,,,,,,,,,,,,,,,,,,,,,,,,,,,,,,,
நெல்லிக்காய் கோளாறுகள்,,,,,,,,,,,,,,,,,,,,,,,,,,,,,,,,,,,,
பசி,சளி,,,,,,,,,,,,,,,,,,,,,,,,,,,,,,,,,,,
பாதிப்பு,,,,,,,,,,,,,,,,,,,,,,,,,,,,,,,,,,,,
வடிதல்,,,,,,,,,,,,,,,,,,,,,,,,,,,,,,,,,,,,
தலைவலி ஆகியவை,,,,,,,,,,,,,,,,,,,,,,,,,,,,,,,,,,,,
காமம்,,,,,,,,,,,,,,,,,,,,,,,,,,,,,,,,,,,,
மஞ்சள் நிறம்,,,,,,,,,,,,,,,,,,,,,,,,,,,,,,,,,,,,
கல்லீரல் கோளாறுகள்,நரம்புக் கோளாறுகள்,தைராய்டு கோளாறுகள்,குடல் கோளாறுகள்,கல்லீரல் வீக்கம்,கல்லீரல் புண்கள்,கர்ப்பப் கோளாறுகள்,பூச்சிக் கோளாறுகள்,வாதக் கோளாறுகள்,ஜீரணக் கோளாறுகள்,கருப்பைக் கோளாறுகள்,மனநலக் கோளாறுகள்,கல்லீரல் பாதிப்புகள்,அஜீரணக் கோளாறுகள்,நுரையீரல் கோளாறுகள்,கல்லீரல் விக்கம்,சுவாசக் கோளாறுகள்,கருப்பை கோளாறுகள்,கல்லீரல் நோய்கள்,கணையக் கோளாறுகள்,நுரையீரல் கோளாறுகளை,வாயுக் கோளாறுகள்,,,,,,,,,,,,,,,
சீத இருமல்,சவி இருமல்,பேதி இருமல்,சளி இருமல்,,,,,,,,,,,,,,,,,,,,,,,,,,,,,,,,,
இருமல் ஆஸ்துமா,,,,,,,,,,,,,,,,,,,,,,,,,,,,,,,,,,,,
தீக்காயங்கள்,,,,,,,,,,,,,,,,,,,,,,,,,,,,,,,,,,,,
குடல் கிருமிகள்,குடல் புழுக்கள்,குடல் புண்கள்,குடல் பூச்சிகள்,குடல் கோளாறுகள்,,,,,,,,,,,,,,,,,,,,,,,,,,,,,,,,
நீர்வேட்கை மலச்சிக்கல்,,,,,,,,,,,,,,,,,,,,,,,,,,,,,,,,,,,,
விரிவு நோய்,நீரழிவு நோய்,,,,,,,,,,,,,,,,,,,,,,,,,,,,,,,,,,,
நீர் வடிதல்,,,,,,,,,,,,,,,,,,,,,,,,,,,,,,,,,,,,
பார்வை பிரகாசம்,,,,,,,,,,,,,,,,,,,,,,,,,,,,,,,,,,,,
சரகம் புண்,குடல் புண்,,,,,,,,,,,,,,,,,,,,,,,,,,,,,,,,,,,
ஒற்றைத் தலைவலி,ஒற்றைத் வலி,,,,,,,,,,,,,,,,,,,,,,,,,,,,,,,,,,,
மலப் புழுக்கள்,குடல் புழுக்கள்,மூலப் புண்கள்,கரப்பான் புழுக்கள்,தீரும் புழுக்கள்,கழலை புழுக்கள்,,,,,,,,,,,,,,,,,,,,,,,,,,,,,,,
படை நோய்களைத்,தோல் நோய்களைத்,தொண்டை நோய்கள்,குடல் நோய்கள்,கருப்பை நோய்கள்,எடை நோய்களைக்,கரும்படை நோய்கள்,பேதி நோய்கள்,கப நோய்கள்,பல் நோய்கள்,பார்வை நோய்கள்,புண் நோய்கள்,,,,,,,,,,,,,,,,,,,,,,,,,
ஜீரணக் கோளாறுகள்,நரம்புக் கோளாறுகள்,அஜீரணக் கோளாறுகள்,சுவாசக் கோளாறுகள்,கருப்பை கோளாறுகள்,அஜீரணக் நோய்கள்,ரசம் கோளாறுகளை,தைராய்டு கோளாறுகள்,கருப்பைக் கோளாறுகள்,பூச்சிக் கோளாறுகள்,வாதக் கோளாறுகள்,வாயுக்கோளாறுகள்,குடல் கோளாறுகள்,கணையக் கோளாறுகள்,மனநலக் கோளாறுகள்,வாயுக் கோளாறுகள்,கல்லீரல் கோளாறுகள்,நுரையீரல் கோளாறுகள்,,,,,,,,,,,,,,,,,,,
இனம் மலட்டுத்தன்மை,மலட்டுத்தன்மை,,,,,,,,,,,,,,,,,,,,,,,,,,,,,,,,,,,
தூக்கமின்மை பிரச்னை,பசியின்மை பிரச்னை,சுவையின்மைப் பிரச்னை,௬ுசியின்மை பிரச்னை,,,,,,,,,,,,,,,,,,,,,,,,,,,,,,,,,
€த ரத்த,,,,,,,,,,,,,,,,,,,,,,,,,,,,,,,,,,,,
பேதி கடுப்பு,வலி கடுப்பு,,,,,,,,,,,,,,,,,,,,,,,,,,,,,,,,,,,
கஷாயம்,,,,,,,,,,,,,,,,,,,,,,,,,,,,,,,,,,,,
கல் அடைப்பு,மூக்கடைப்பு,உடல் அரிப்பு,கண் அரிப்பு,நீர் அடைப்பு,,,,,,,,,,,,,,,,,,,,,,,,,,,,,,,,
உப்புசம்,,,,,,,,,,,,,,,,,,,,,,,,,,,,,,,,,,,,
புண்கள் புண்கள்,புண்கள் நோய்கள்,குடல் புண்கள்,மூலப் புண்கள்,புண்கள் குணம்,கராம் புண்கள்,,,,,,,,,,,,,,,,,,,,,,,,,,,,,,,
அடித் தள்ளுதல்,,,,,,,,,,,,,,,,,,,,,,,,,,,,,,,,,,,,
சூடு வெள்ளைப்படுதல்,வெள்ளைப்படுதல்,வாய்ப் வெள்ளைப்படுத்தல்,,,,,,,,,,,,,,,,,,,,,,,,,,,,,,,,,,
மாதவிலக்குக் கோளாறுகள்,நரம்புக் கோளாறுகள்,வயிற்றுக் கோளாறுகள்,,,,,,,,,,,,,,,,,,,,,,,,,,,,,,,,,,
கோளாறுகளை,பை கோளாறுகள்,கோளாறுகள்,,,,,,,,,,,,,,,,,,,,,,,,,,,,,,,,,,
கல்லீரல் விக்கம்,மண்ணீரல் வீக்கம்,ஈரல் விக்கம்,கல்லீரல் நோய்கள்,கல்லீரல் பாதிப்புகள்,கல்லீரல் வீக்கம்,கல்லீரல் புண்கள்,,,,,,,,,,,,,,,,,,,,,,,,,,,,,,
கண் பாதிப்புகள்,குறைவு பாிப்புகள்,மனநலப் பாதிப்புகள்,புண் வெடிப்புகள்,கால் பிடிப்புகள்,கை பிடிப்புகள்,மன பாதிப்புகள்,பல் பாதிப்புகள்,ஆன பாதிப்புகள்,கல்லீரல் பாதிப்புகள்,கண் பிரச்னைகள்,,,,,,,,,,,,,,,,,,,,,,,,,,
மண்ணீரல் நோய்கள்,மண்ணீரல் வீக்கம்,புண்கள் நோய்கள்,நுரையீரல் நோய்கள்,அஜீரணக் நோய்கள்,கல்லீரல் நோய்கள்,இருமல் நோய்கள்,,,,,,,,,,,,,,,,,,,,,,,,,,,,,,
படை நோய்கள்,எடை நோய்களைக்,கண் நோய்கள்,கப நோய்கள்,இதய நோய்கள்,வலி நோய்கள்,தொண்டை நோய்கள்,உஷ்ண நோய்கள்,படை நோய்களைத்,வாத நோய்கள்,காச நோய்கள்,கருப்பை நோய்கள்,ஆன நோய்கள்,கபநோய்கள்,பேதி நோய்கள்,சரும நோய்கள்,சொரி நோய்கள்,குடல் நோய்கள்,கரும்படை நோய்கள்,சளி நோய்கள்,பல் நோய்கள்,பார்வை நோய்கள்,தோல் நோய்கள்,புண் நோய்கள்,,,,,,,,,,,,,
கட்டு போன்றவைய்,நீர் போன்றவைய்,,,,,,,,,,,,,,,,,,,,,,,,,,,,,,,,,,,
வடிதல் குறைபாடுகள்,ஈறு குறைபாடுகள்,அடைப்பு குறைபாடுகள்,ஆண்மைக் குறைபாடுகள்,சதை குறைபாடுகள்,கசிவு குறைபாடுகள்,ரத்தம் குறைபாடுகள்,நீர் குறைபாடுகள்,அரிப்பு குறைபாடுகள்,ரத்தக் குறைபாடுகள்,,,,,,,,,,,,,,,,,,,,,,,,,,,
கடி விஷம்,,,,,,,,,,,,,,,,,,,,,,,,,,,,,,,,,,,,
விக்கல் வாந்தி,,,,,,,,,,,,,,,,,,,,,,,,,,,,,,,,,,,,
நாய்க்கடி விஷம்,,,,,,,,,,,,,,,,,,,,,,,,,,,,,,,,,,,,
சொரி சிரங்குகள்,சிரங்கு நோய்கள்,,,,,,,,,,,,,,,,,,,,,,,,,,,,,,,,,,,
வாதம் வலி,வாய்ப் வலி,காது வலி,டால் வலி,வேதனை வலி,வாயு வலி,,,,,,,,,,,,,,,,,,,,,,,,,,,,,,,
பல் நோய்கள்,வலிகள் நோய்கள்,புண்கள் நோய்கள்,கண் நோய்கள்,இதய நோய்கள்,வலி நோய்கள்,பித்தம் நோய்கள்,இரைப்பு நோய்கள்,உஷ்ண நோய்கள்,மேகம் நோய்கள்,படை நோய்களைத்,கடுப்பு நோய்கள்,வாத நோய்கள்,காச நோய்கள்,கருப்பை நோய்கள்,ஆன நோய்கள்,மறைப்பு நோய்கள்,கபநோய்கள்,பேதி நோய்கள்,பால்வினை நோய்கள்,சரும நோய்கள்,காது நோய்கள்,சொரி நோய்கள்,தோல் நோய்களைத்,குடல் நோய்கள்,படை நோய்கள்,இருமல் நோய்கள்,சளி நோய்கள்,கப நோய்கள்,வலிப்பு நோய்கள்,பார்வை நோய்கள்,தோல் நோய்கள்,புண் நோய்கள்,,,,
உடல் வலிமையும்,உடல் அசதியும்,மூட்டு வலியும்,,,,,,,,,,,,,,,,,,,,,,,,,,,,,,,,,,
எலும்புகள் பலம்,உறுப்புகள் பலம்,எலும்பு பற்கள்,,,,,,,,,,,,,,,,,,,,,,,,,,,,,,,,,,
ஆன கோளாறுகள்,சளி கோளாறுகள்,பை கோளாறுகள்,வாதக் கோளாறுகள்,குடல் கோளாறுகள்,மனநலக் கோளாறுகள்,கோளாறுகள்,,,,,,,,,,,,,,,,,,,,,,,,,,,,,,
பச,,,,,,,,,,,,,,,,,,,,,,,,,,,,,,,,,,,,
உடல் வலிமை,உடல் வலி,டால் வலி,உடல் வலிகள்,குடல் வலி,,,,,,,,,,,,,,,,,,,,,,,,,,,,,,,,
வயிற்று வலி,அடிவயிற்று வலி,,,,,,,,,,,,,,,,,,,,,,,,,,,,,,,,,,,
உடல் அசதி,உடல் வலி,உடல் அழகு,உடல் சூடு,உடல் அசதியும்,,,,,,,,,,,,,,,,,,,,,,,,,,,,,,,,
இருமல் நுரையீரல்,கபம் நுரையீரல்,,,,,,,,,,,,,,,,,,,,,,,,,,,,,,,,,,,
எடை நோய்களைக்,படை நோய்கள்,தொண்டை நோய்கள்,குடல் நோய்கள்,படை நோய்களைத்,,,,,,,,,,,,,,,,,,,,,,,,,,,,,,,,
குடல் கோளாறுகள்,ஆன கோளாறுகள்,நரம்புக் கோளாறுகள்,பை கோளாறுகள்,வாயுக்கோளாறுகள்,கல்லீரல் கோளாறுகள்,குடல் கிருமிகள்,குடல் புழுக்கள்,பூச்சிக் கோளாறுகள்,வாதக் கோளாறுகள்,ஜீரணக் கோளாறுகள்,சளி கோளாறுகள்,குடல் புண்கள்,ரசம் கோளாறுகளை,கருப்பைக் கோளாறுகள்,மனநலக் கோளாறுகள்,அஜீரணக் கோளாறுகள்,நுரையீரல் கோளாறுகள்,சுவாசக் கோளாறுகள்,கருப்பை கோளாறுகள்,குடல் நோய்கள்,கணையக் கோளாறுகள்,வாயுக் கோளாறுகள்,,,,,,,,,,,,,,
வயிற்று உப்புசம்,வயிற்றுப் புண்கள்,வயிறு உப்புசம்,நோய் உப்புசம்,வயிற்றுப்புண்,வயிற்றுக் கடுப்பு,வயிற்றுப் புண்,வயிற்றுப்போக்கும்,,,,,,,,,,,,,,,,,,,,,,,,,,,,,
வாந்தி விக்கல்,வாந்தி நோய்கள்,வாந்தி மயக்கம்,,,,,,,,,,,,,,,,,,,,,,,,,,,,,,,,,,
முடக்கு வாதம்,நரம்பு வாதம்,குடல் வாதம்,மூட்டு வாதம்,,,,,,,,,,,,,,,,,,,,,,,,,,,,,,,,,
உயிரணுக்களின் எண்ணிக்கை,,,,,,,,,,,,,,,,,,,,,,,,,,,,,,,,,,,,
வாய்ப் வலி,வாயு வலி,வாதம் வலி,,,,,,,,,,,,,,,,,,,,,,,,,,,,,,,,,,
நோய்கள்,கபநோய்கள்,கப நோய்கள்,,,,,,,,,,,,,,,,,,,,,,,,,,,,,,,,,,
அஜீரணக் நோய்கள்,அருகம் நோய்கள்,வலிகள் நோய்கள்,புண்கள் நோய்கள்,கண் நோய்கள்,நரம்பு நோய்கள்,சிரங்கு நோய்கள்,தொண்டை நோய்கள்,இரைப்பு நோய்கள்,மேகம் நோய்கள்,நோய்கள் நோய்கள்,ஜீரணக் கோளாறுகள்,கடுப்பு நோய்கள்,கருப்பை நோய்கள்,அஜீரணக் கோளாறுகள்,குடல் நோய்கள்,மண்ணீரல் நோய்கள்,கல்லீரல் நோய்கள்,நீரழிவு நோய்கள்,இருமல் நோய்கள்,சிறுநீரக நோய்கள்,பார்வை நோய்கள்,புண் நோய்கள்,,,,,,,,,,,,,,
மந்தம்,,,,,,,,,,,,,,,,,,,,,,,,,,,,,,,,,,,,
கண்ணில் நீர்,,,,,,,,,,,,,,,,,,,,,,,,,,,,,,,,,,,,
குளிர்க் காய்ச்சல்,வாதக் காய்ச்சல்,மூளைக்காய்ச்சல்,,,,,,,,,,,,,,,,,,,,,,,,,,,,,,,,,,
ஆன ரத்தப்போக்கு,,,,,,,,,,,,,,,,,,,,,,,,,,,,,,,,,,,,
கரப்பான் நோய்கள்,நாள்பட்ட நோய்கள்,கீரையுடன் நோய்கள்,புண்கள் நோய்கள்,பித்தம் நோய்கள்,கருப்பை நோய்கள்,தைராய்டு நோய்கள்,இரைப்பு நோய்கள்,கல்லீரல் நோய்கள்,கரும்படை நோய்கள்,மறைப்பு நோய்கள்,நரம்பு நோய்கள்,பால்வினை நோய்கள்,கரப்பான் புழுக்கள்,வலிப்பு நோய்கள்,பார்வை நோய்கள்,பக்கவாதம் நோய்கள்,கடுப்பு நோய்கள்,,,,,,,,,,,,,,,,,,,
இரைப்பு நோய்,புற்று நோய்,இரைப்பு நோய்கள்,இரைப்பு ஈளை,மறைப்பு நோய்கள்,,,,,,,,,,,,,,,,,,,,,,,,,,,,,,,,
இடுப்பு வாதம்,முடக்கு வாதம்,இடுப்பு வலிகள்,நரம்பு வாதம்,மூட்டு வாதம்,,,,,,,,,,,,,,,,,,,,,,,,,,,,,,,,
குழந்தைப்பேறு,,,,,,,,,,,,,,,,,,,,,,,,,,,,,,,,,,,,
வாத நோய்,வாத நோய்கள்,காச நோய்,ரத்த நோய்,வலி நோய்,,,,,,,,,,,,,,,,,,,,,,,,,,,,,,,,
குடல் பூச்சிகள்,குடல் புழுக்கள்,நாக்குப் பூச்சிகள்,குடல் நோய்கள்,குடல் புண்கள்,,,,,,,,,,,,,,,,,,,,,,,,,,,,,,,,
நுரையீரல் நோய்கள்,கீரையுடன் நோய்கள்,நுரையீரல் கோளாறுகளை,கல்லீரல் நோய்கள்,நுரையீரல் கோளாறுகள்,,,,,,,,,,,,,,,,,,,,,,,,,,,,,,,,
வறட்டு இருமல்,,,,,,,,,,,,,,,,,,,,,,,,,,,,,,,,,,,,
தடவிக்கொண்டால் நாற்றம்,,,,,,,,,,,,,,,,,,,,,,,,,,,,,,,,,,,,
வாதக் காய்ச்சல்,குளிர்க் காய்ச்சல்,மூளைக்காய்ச்சல்,,,,,,,,,,,,,,,,,,,,,,,,,,,,,,,,,,
வடு,,,,,,,,,,,,,,,,,,,,,,,,,,,,,,,,,,,,
காய்ச்சல் விக்கல்,காய்ச்சிக் இருமல்,காய்ச்சல் வலிப்பு,,,,,,,,,,,,,,,,,,,,,,,,,,,,,,,,,,
சரும நோய்கள்,அருகம் நோய்கள்,கண் நோய்கள்,நரம்பு நோய்கள்,கப நோய்கள்,வலி நோய்கள்,இதய நோய்கள்,சிரங்கு நோய்கள்,இரைப்பு நோய்கள்,உஷ்ண நோய்கள்,மேகம் நோய்கள்,வாத நோய்கள்,காச நோய்கள்,கருப்பை நோய்கள்,ஆன நோய்கள்,பேதி நோய்கள்,காது நோய்கள்,வயிறு நோய்கள்,சொரி நோய்கள்,குடல் நோய்கள்,படை நோய்கள்,கரும்படை நோய்கள்,நீரழிவு நோய்கள்,இருமல் நோய்கள்,சளி நோய்கள்,பல் நோய்கள்,தோல் நோய்கள்,புண் நோய்கள்,,,,,,,,,
புண் இருமல்,புண் கசிவும்,பேதி இருமல்,புண் குடல்,கபம் இருமல்,,,,,,,,,,,,,,,,,,,,,,,,,,,,,,,,
ஈறு வீக்கம்,ஈரல் விக்கம்,விரை வீக்கம்,வலி வீக்கம்,இதய வீக்கம்,பற்றுப் வீக்கம்,கை வீக்கம்,,,,,,,,,,,,,,,,,,,,,,,,,,,,,,
பை கற்கள்,,,,,,,,,,,,,,,,,,,,,,,,,,,,,,,,,,,,
கை வாதமும்,விரை வாதம்,,,,,,,,,,,,,,,,,,,,,,,,,,,,,,,,,,,
மன பாதிப்புகள்,மனநலப் பாதிப்புகள்,கை பிடிப்புகள்,கண் பாதிப்புகள்,ஆன பாதிப்புகள்,பல் பாதிப்புகள்,,,,,,,,,,,,,,,,,,,,,,,,,,,,,,,
இருமல் நோய்கள்,அருகம் நோய்கள்,வலிகள் நோய்கள்,புண்கள் நோய்கள்,நரம்பு நோய்கள்,சிரங்கு நோய்கள்,பித்தம் நோய்கள்,அஜீரணக் நோய்கள்,காமாலை நோய்கள்,இரைப்பு நோய்கள்,மேகம் நோய்கள்,அழுத்தம் நோய்கள்,மார்பு நோய்கள்,கடுப்பு நோய்கள்,கருப்பை நோய்கள்,மறைப்பு நோய்கள்,சரும நோய்கள்,தோல் நோய்களைத்,குடல் நோய்கள்,மண்ணீரல் நோய்கள்,கல்லீரல் நோய்கள்,கரும்படை நோய்கள்,நீரழிவு நோய்கள்,பல் நோய்கள்,வலிப்பு நோய்கள்,பார்வை நோய்கள்,தோல் நோய்கள்,புண் நோய்கள்,,,,,,,,,
நுரையீரல் கோளாறுகளை,நுரையீரல் நோய்கள்,நுரையீரல் கோளாறுகள்,,,,,,,,,,,,,,,,,,,,,,,,,,,,,,,,,,
நீர் சிறுநீர்,நோய் சிறுநீர்,தீரும் சிறுநீர்,,,,,,,,,,,,,,,,,,,,,,,,,,,,,,,,,,
பார்வை நோய்கள்,அருகம் நோய்கள்,புண்கள் நோய்கள்,நரம்பு நோய்கள்,புண் நோய்கள்,சிரங்கு நோய்கள்,தொண்டை நோய்கள்,பித்தம் நோய்கள்,அஜீரணக் நோய்கள்,காமாலை நோய்கள்,இரைப்பு நோய்கள்,படை நோய்களைத்,கரப்பான் நோய்கள்,கடுப்பு நோய்கள்,கருப்பை நோய்கள்,மறைப்பு நோய்கள்,பால்வினை நோய்கள்,வாந்தி நோய்கள்,படை நோய்கள்,கரும்படை நோய்கள்,நீரழிவு நோய்கள்,இருமல் நோய்கள்,பல் நோய்கள்,வலிப்பு நோய்கள்,தவளைச் நோய்கள்,,,,,,,,,,,,
ரத்தக் குறைபாடுகள்,அஜீரணக் குறைபாடு,ஈறு குறைபாடுகள்,அடைப்பு குறைபாடுகள்,வடிதல் குறைபாடுகள்,ஆண்மைக் குறைபாடுகள்,சதை குறைபாடுகள்,ஆண்மைக் குறைபாடும்,கசிவு குறைபாடுகள்,ரத்தம் குறைபாடுகள்,பார்வைக் குறைபாடுகள்,நீர் குறைபாடுகள்,அரிப்பு குறைபாடுகள்,,,,,,,,,,,,,,,,,,,,,,,,
வளர்ச்சி,குளிர்ச்சி,,,,,,,,,,,,,,,,,,,,,,,,,,,,,,,,,,,
படை நமைச்சல்,,,,,,,,,,,,,,,,,,,,,,,,,,,,,,,,,,,,
வாயுத் அஜீரணக்,,,,,,,,,,,,,,,,,,,,,,,,,,,,,,,,,,,,
பொடியாக்கிச் பிரச்னை,பசியின்மை பிரச்னை,பொடுகுப் பிரச்னை,,,,,,,,,,,,,,,,,,,,,,,,,,,,,,,,,,
ஈறு குறைபாடுகள்,குறைபாடுகள்,அடைப்பு குறைபாடுகள்,வடிதல் குறைபாடுகள்,சதை குறைபாடுகள்,கசிவு குறைபாடுகள்,நீர் குறைபாடுகள்,அரிப்பு குறைபாடுகள்,ரத்தக் குறைபாடுகள்,,,,,,,,,,,,,,,,,,,,,,,,,,,,
எருக்கம் விஷம்,எலிக்கடி விஷம்,,,,,,,,,,,,,,,,,,,,,,,,,,,,,,,,,,,
கற்றாழை நாற்றம்,நாற்றம் நாற்றம்,,,,,,,,,,,,,,,,,,,,,,,,,,,,,,,,,,,
வயிற்றுப்புண்,வாய்ப்புண்,வயிற்றுப் புண்கள்,வயிறு உப்புசம்,வாய்ப் புண்,வயிற்று உப்புசம்,வயிற்றுப் புண்,வயிற்றுப்போக்கும்,,,,,,,,,,,,,,,,,,,,,,,,,,,,,
மாதவிலக்கு,,,,,,,,,,,,,,,,,,,,,,,,,,,,,,,,,,,,
வண்டு பூச்சிக்கடிகள்,,,,,,,,,,,,,,,,,,,,,,,,,,,,,,,,,,,,
கடுப்பு பேதி,இடுப்பு வலி,,,,,,,,,,,,,,,,,,,,,,,,,,,,,,,,,,,
ஹிஸ்டீரியா பாதிப்புகள்,,,,,,,,,,,,,,,,,,,,,,,,,,,,,,,,,,,,
ஆல பழத்தைத்,,,,,,,,,,,,,,,,,,,,,,,,,,,,,,,,,,,,
கூச்சம் ஈறுநோய்கள்,,,,,,,,,,,,,,,,,,,,,,,,,,,,,,,,,,,,
தொழுநோய்,,,,,,,,,,,,,,,,,,,,,,,,,,,,,,,,,,,,
நோய் பலவீனம்,நோய் ஜலதோஷம்,,,,,,,,,,,,,,,,,,,,,,,,,,,,,,,,,,,
காய்ச் சல்களும்,காய்ச்சி புண்கள்,ஆன காய்ச்சல்களும்,,,,,,,,,,,,,,,,,,,,,,,,,,,,,,,,,,
வயிறு மந்தம்,வயிறு ஆகம்,,,,,,,,,,,,,,,,,,,,,,,,,,,,,,,,,,,
தொண்டைப் குடல்,தொண்டைப் இருமல்,தொண்டைப் புண்,,,,,,,,,,,,,,,,,,,,,,,,,,,,,,,,,,
டால் வலி,உடல் வலி,உடல் வலிமை,குடல் வலி,தடவினால் வலி,பல் வலி,,,,,,,,,,,,,,,,,,,,,,,,,,,,,,,
கண் எரிச்சல்,நெஞ்சு எரிச்சல்,உடல் எரிச்சல்,நீர் எரிச்சல்,தோல் எரிச்சல்,,,,,,,,,,,,,,,,,,,,,,,,,,,,,,,,
காதுப் புண்,குடல் புண்,,,,,,,,,,,,,,,,,,,,,,,,,,,,,,,,,,,
ஈறுகளில் ரத்தம்,இருமல் ரத்தம்,,,,,,,,,,,,,,,,,,,,,,,,,,,,,,,,,,,
செங்கரப் கருங்கரப்பான்,,,,,,,,,,,,,,,,,,,,,,,,,,,,,,,,,,,,
நோய்கள் நோய்கள்,அருகம் நோய்கள்,வலிகள் நோய்கள்,புண்கள் நோய்கள்,கண் நோய்கள்,நரம்பு நோய்கள்,சிரங்கு நோய்கள்,பித்தம் நோய்கள்,அஜீரணக் நோய்கள்,மேகம் நோய்கள்,கடுப்பு நோய்கள்,கருப்பை நோய்கள்,நோய்கள் ரோகம்,நோய் உள்ளவர்கள்,வாந்தி நோய்கள்,நாள்பட்ட நோய்கள்,தோல் நோய்களைத்,குடல் நோய்கள்,தோல் நோய்கள்,தவளைச் நோய்கள்,,,,,,,,,,,,,,,,,
வலி கட்டிகள்,வலி நோய்கள்,வெளி கட்டிகள்,,,,,,,,,,,,,,,,,,,,,,,,,,,,,,,,,,
பசியின்மை பிரச்னை,பொடியாக்கிச் பிரச்னை,சுவையின்மைப் பிரச்னை,௬ுசியின்மை பிரச்னை,,,,,,,,,,,,,,,,,,,,,,,,,,,,,,,,,
மலச்சிக்கல்,,,,,,,,,,,,,,,,,,,,,,,,,,,,,,,,,,,,
உடல் எரிச்சல்,கண் எரிச்சல்,தோல் எரிச்சல்,நீர் எரிச்சல்,,,,,,,,,,,,,,,,,,,,,,,,,,,,,,,,,
குடல் புண்கள்,குடல் கிருமிகள்,குடல் பூச்சிகள்,குடல் நோய்கள்,குடல் புழுக்கள்,தடவினால் புண்கள்,குடல்புண்,குடல் கோளாறுகள்,குடல் புண்,மூலப் புண்கள்,கராம் புண்கள்,புண்கள் புண்கள்,ஓமம் புண்கள்,கல்லீரல் புண்கள்,குடல் புண்ணும்,,,,,,,,,,,,,,,,,,,,,,
கருப்பை நோய்கள்,அருகம் நோய்கள்,கீரையுடன் நோய்கள்,வலிகள் நோய்கள்,புண்கள் நோய்கள்,கண் நோய்கள்,நரம்பு நோய்கள்,கப நோய்கள்,சிரங்கு நோய்கள்,தொண்டை நோய்கள்,பித்தம் நோய்கள்,அஜீரணக் நோய்கள்,காமாலை நோய்கள்,இரைப்பு நோய்கள்,மேகம் நோய்கள்,படை நோய்களைத்,கரப்பான் நோய்கள்,நோய்கள் நோய்கள்,கடுப்பு நோய்கள்,மறைப்பு நோய்கள்,பால்வினை நோய்கள்,சரும நோய்கள்,காது நோய்கள்,கருப்பை கோளாறுகள்,குடல் நோய்கள்,படை நோய்கள்,கல்லீரல் நோய்கள்,கரும்படை நோய்கள்,நீரழிவு நோய்கள்,இருமல் நோய்கள்,பல் நோய்கள்,வலிப்பு நோய்கள்,பார்வை நோய்கள்,புண் நோய்கள்,,,
இருமல் புகைச்சல்,,,,,,,,,,,,,,,,,,,,,,,,,,,,,,,,,,,,
தடவினால் விஷம்,தடவினால் தலைவலி,தடவினால் வீக்கம்,தடவினால் ரணம்,தடவினால் வலி,தடவினால் குணம்,,,,,,,,,,,,,,,,,,,,,,,,,,,,,,,
மூலப் புண்கள்,குடல் புண்கள்,மலப் புழுக்கள்,கராம் புண்கள்,புண்கள் புண்கள்,ஓமம் புண்கள்,தாமரைப் புண்கள்,,,,,,,,,,,,,,,,,,,,,,,,,,,,,,
மூட்டு வலி,மூட்டு வாதம்,மூட்டு வலிகள்,மூட்டு வலியும்,,,,,,,,,,,,,,,,,,,,,,,,,,,,,,,,,
அசதி புத்துணர்ச்சி,,,,,,,,,,,,,,,,,,,,,,,,,,,,,,,,,,,,
இழுப்பு ஆகியவை,பிடிப்பு ஆகியவை,கடுப்பு ஆகியவை,,,,,,,,,,,,,,,,,,,,,,,,,,,,,,,,,,
மூலக் கடுப்பு,மூக்கடைப்பு,வலி கடுப்பு,சூடு கடுப்பு,சளி மூக்கடைப்பு,,,,,,,,,,,,,,,,,,,,,,,,,,,,,,,,
கல்லீரல் நோய்கள்,கீரையுடன் நோய்கள்,கல்லீரல் விக்கம்,நுரையீரல் நோய்கள்,அஜீரணக் நோய்கள்,மண்ணீரல் நோய்கள்,கருப்பை நோய்கள்,குடல் நோய்கள்,கரும்படை நோய்கள்,இருமல் நோய்கள்,கல்லீரல் பாதிப்புகள்,கரப்பான் நோய்கள்,கல்லீரல் வீக்கம்,கல்லீரல் புண்கள்,,,,,,,,,,,,,,,,,,,,,,,
சளி நோய்கள்,வயிறு நோய்கள்,சொரி நோய்கள்,வாத நோய்கள்,இதய நோய்கள்,காச நோய்கள்,படை நோய்கள்,வலி நோய்கள்,ஆன நோய்கள்,கண் நோய்கள்,உஷ்ண நோய்கள்,பேதி நோய்கள்,கப நோய்கள்,பல் நோய்கள்,சரும நோய்கள்,தோல் நோய்கள்,சிரங்கு நோய்கள்,புண் நோய்கள்,,,,,,,,,,,,,,,,,,,
வாயுத் தொல்லை,,,,,,,,,,,,,,,,,,,,,,,,,,,,,,,,,,,,
வலி அசதி,,,,,,,,,,,,,,,,,,,,,,,,,,,,,,,,,,,,
புத்துணர்ச்சி,,,,,,,,,,,,,,,,,,,,,,,,,,,,,,,,,,,,
தோல் நோய்கள்,வலிகள் நோய்கள்,உதட்டு நோய்கள்,கண் நோய்கள்,மெலிதல் நோய்,கப நோய்கள்,இதய நோய்கள்,வலி நோய்கள்,தொண்டை நோய்கள்,பித்தம் நோய்கள்,தவளைச் நோய்கள்,உஷ்ண நோய்கள்,மேகம் நோய்கள்,நோய்கள் நோய்கள்,வாத நோய்கள்,தொற்று நோய்கள்,காச நோய்கள்,தடவினால் நோய்கள்,ஆன நோய்கள்,பேதி நோய்கள்,சரும நோய்கள்,காது நோய்கள்,சொரி நோய்கள்,தோல் நோய்களைத்,குடல் நோய்கள்,படை நோய்கள்,இருமல் நோய்கள்,சளி நோய்கள்,பல் நோய்கள்,வலிப்பு நோய்கள்,புண் நோய்கள்,,,,,,
சூடு பிரச்னைகள்,வயிறு பிரச்னைகள்,கண் பிரச்னைகள்,வாயுப் பிரச்னைகள்,,,,,,,,,,,,,,,,,,,,,,,,,,,,,,,,,
ஆன நினைவாற்றல்,,,,,,,,,,,,,,,,,,,,,,,,,,,,,,,,,,,,
காச நோய்,காச நோய்கள்,கண் நோய்,காசநோய்,வாத நோய்,,,,,,,,,,,,,,,,,,,,,,,,,,,,,,,,
புண் வலி,பல் வலி,கண் வலி,,,,,,,,,,,,,,,,,,,,,,,,,,,,,,,,,,
பலவீனம் வீக்கம்,வீக்கம் வீக்கம்,மார்பக வீக்கம்,தடவினால் வீக்கம்,பற்றுப் வீக்கம்,கல்லீரல் வீக்கம்,மூட்டு வீக்கம்,,,,,,,,,,,,,,,,,,,,,,,,,,,,,,
தைராய்டு கோளாறுகள்,நரம்புக் கோளாறுகள்,அஜீரணக் கோளாறுகள்,சுவாசக் கோளாறுகள்,கருப்பை கோளாறுகள்,வாதக் கோளாறுகள்,தைராய்டு நோய்கள்,வாயுக்கோளாறுகள்,கணையக் கோளாறுகள்,வயிற்றுக் கோளாறுகள்,வாயுக் கோளாறுகள்,கல்லீரல் கோளாறுகள்,ஜீரணக் கோளாறுகள்,மாரடைப்பு கோளாறுகள்,நுரையீரல் கோளாறுகள்,,,,,,,,,,,,,,,,,,,,,,
இருமல் ஆகியவை,,,,,,,,,,,,,,,,,,,,,,,,,,,,,,,,,,,,
அடைப்பு நீர்,இரைப்பு நோய்,அடைப்பு சிறுநீர்,,,,,,,,,,,,,,,,,,,,,,,,,,,,,,,,,,
வியர்வை நாற்றம்,கற்றாழை நாற்றம்,வாய் நாற்றம்,,,,,,,,,,,,,,,,,,,,,,,,,,,,,,,,,,
காய்ச்சிக் இருமல்,காய்ச்சிக் ஆஸ்துமா,காய்ச்சல் விக்கல்,,,,,,,,,,,,,,,,,,,,,,,,,,,,,,,,,,
தலைவலி வலி,தலை வலி,,,,,,,,,,,,,,,,,,,,,,,,,,,,,,,,,,,
புண் வெள்ளைப்படுத்தல்,வெள்ளைப்படுதல்,வாய்ப் வெள்ளைப்படுத்தல்,,,,,,,,,,,,,,,,,,,,,,,,,,,,,,,,,,
பித்தம் அஜீரணம்,வீக்கம் அஜீரணம்,,,,,,,,,,,,,,,,,,,,,,,,,,,,,,,,,,,
நீர் எரிச்சல்,சிறுநீர் எரிச்சல்,கண் எரிச்சல்,தோல் எரிச்சல்,உடல் எரிச்சல்,,,,,,,,,,,,,,,,,,,,,,,,,,,,,,,,
கசிவு குறைபாடுகள்,ஈறு குறைபாடுகள்,அடைப்பு குறைபாடுகள்,வடிதல் குறைபாடுகள்,ஆண்மைக் குறைபாடுகள்,சதை குறைபாடுகள்,ரத்தம் குறைபாடுகள்,நீர் குறைபாடுகள்,அரிப்பு குறைபாடுகள்,ரத்தக் குறைபாடுகள்,,,,,,,,,,,,,,,,,,,,,,,,,,,
சைனஸ் நோய்,இனம் நோய்,,,,,,,,,,,,,,,,,,,,,,,,,,,,,,,,,,,
இடுப்புப் பிடிப்பு,பிடிப்பு பிடிப்பு,மூச்சுப் பிடிப்பு,,,,,,,,,,,,,,,,,,,,,,,,,,,,,,,,,,
கரப்பான் பிரச்னை,,,,,,,,,,,,,,,,,,,,,,,,,,,,,,,,,,,,
ஓமம் புண்கள்,மூலப் புண்கள்,கராம் புண்கள்,குடல் புண்கள்,தாமரைப் புண்கள்,,,,,,,,,,,,,,,,,,,,,,,,,,,,,,,,
சளியுடன் ரத்தம்,,,,,,,,,,,,,,,,,,,,,,,,,,,,,,,,,,,,
குறைபாடுகள்,நீர் குறைபாடுகள்,குறைபாடு,சதை குறைபாடுகள்,,,,,,,,,,,,,,,,,,,,,,,,,,,,,,,,,
புதுப்பொலிவு,,,,,,,,,,,,,,,,,,,,,,,,,,,,,,,,,,,,
நோய்கள் ரோகம்,,,,,,,,,,,,,,,,,,,,,,,,,,,,,,,,,,,,
சாப்பிட்டுவந்தால் பற்கள்,சாப்பிட்டுவந்தால் பித்தம்,சாப்பிட்டுவந்தால் பசி,,,,,,,,,,,,,,,,,,,,,,,,,,,,,,,,,,
கல்லீரல் பாதிப்புகள்,மனநலப் பாதிப்புகள்,கல்லீரல் விக்கம்,கண் பாதிப்புகள்,கால் பிடிப்புகள்,கல்லீரல் நோய்கள்,பல் பாதிப்புகள்,ஹிஸ்டீரியா பாதிப்புகள்,செயல்திறன் பாிப்புகள்,கல்லீரல் கோளாறுகள்,கல்லீரல் புண்கள்,,,,,,,,,,,,,,,,,,,,,,,,,,
விலக்கு,,,,,,,,,,,,,,,,,,,,,,,,,,,,,,,,,,,,
காய்ச்சிக் ஆஸ்துமா,மூச்சிரைப்பு ஆஸ்துமா,,,,,,,,,,,,,,,,,,,,,,,,,,,,,,,,,,,
மாதுளம் பழத்தை,,,,,,,,,,,,,,,,,,,,,,,,,,,,,,,,,,,,
ரத்தம் கசிவது,நீர் கசிவது,,,,,,,,,,,,,,,,,,,,,,,,,,,,,,,,,,,
வயிற்றுப் புண்கள்,வயிற்றுப் பிரச்னைகள்,வயிற்றுப்புண்,வயிற்று உப்புசம்,கஇிரந்திப் புண்கள்,வயிற்றுக் கோளாறுகள்,வயிற்றுப் பூச்சிகள்,வயிற்றுப் புண்,வயிற்றுப்போக்கும்,வயிற்றுப் புழுக்கள்,வயிற்றில் புழுக்கள்,,,,,,,,,,,,,,,,,,,,,,,,,,
ஆசனப் புண்,சரகம் புண்,,,,,,,,,,,,,,,,,,,,,,,,,,,,,,,,,,,
தலைபாரம்,தலைவலி பாரம்,,,,,,,,,,,,,,,,,,,,,,,,,,,,,,,,,,,
வலு,வலி,,,,,,,,,,,,,,,,,,,,,,,,,,,,,,,,,,,
நாள்பட்ட இருமல்,வறட்டு இருமல்,சாப்பிட் பருமன்,நாள்பட்ட விக்கல்,தொண்டைப் இருமல்,நாள்பட்ட புண்கள்,நாள்பட்ட தலைவலி,நாள்பட்ட வீக்கம்,,,,,,,,,,,,,,,,,,,,,,,,,,,,,
வலி வீக்கம்,ஈரல் விக்கம்,ஈறு வீக்கம்,விரை வீக்கம்,இதய வீக்கம்,வலி கட்டிகள்,கை வீக்கம்,,,,,,,,,,,,,,,,,,,,,,,,,,,,,,
நரம்பு வலிகள்,நரம்பு நோய்கள்,இடுப்பு வலிகள்,மூட்டு வலிகள்,,,,,,,,,,,,,,,,,,,,,,,,,,,,,,,,,
சாப்பிட்டுவந்தால் குணம்,சாப்பிட்டுவந்தால் குழந்தைப்பேறு,சாப்பிட்டுவந்தால் பித்தம்,சாப்பிட்டுவந்தால் பசி,,,,,,,,,,,,,,,,,,,,,,,,,,,,,,,,,
கழுத்து வலி,,,,,,,,,,,,,,,,,,,,,,,,,,,,,,,,,,,,
குடித்துவந்தால் வீக்கம்,,,,,,,,,,,,,,,,,,,,,,,,,,,,,,,,,,,,
குத்தல் வலி,குடல் வலி,தன்றால் வலி,ரத்தம் வலிமை,,,,,,,,,,,,,,,,,,,,,,,,,,,,,,,,,
நெஞ்சுச் சளி,நெஞ்சு வலி,,,,,,,,,,,,,,,,,,,,,,,,,,,,,,,,,,,
வீக்கம் வலி,வீக்கம் வலியும்,,,,,,,,,,,,,,,,,,,,,,,,,,,,,,,,,,,
அருகம் நோய்கள்,வலிகள் நோய்கள்,புண்கள் நோய்கள்,கண் நோய்கள்,நரம்பு நோய்கள்,சிரங்கு நோய்கள்,பித்தம் நோய்கள்,அஜீரணக் நோய்கள்,காமாலை நோய்கள்,இரைப்பு நோய்கள்,மேகம் நோய்கள்,அழுத்தம் நோய்கள்,நோய்கள் நோய்கள்,கடுப்பு நோய்கள்,கருப்பை நோய்கள்,மறைப்பு நோய்கள்,அரைத்துச் நோய்கள்,சரும நோய்கள்,குடல் நோய்கள்,கரும்படை நோய்கள்,நீரழிவு நோய்கள்,இருமல் நோய்கள்,பார்வை நோய்கள்,புண் நோய்கள்,,,,,,,,,,,,,
இருமல் ரத்தம்,ஈறுகளில் ரத்தம்,,,,,,,,,,,,,,,,,,,,,,,,,,,,,,,,,,,
நாக்குப் பூச்சிகள்,குடல் பூச்சிகள்,,,,,,,,,,,,,,,,,,,,,,,,,,,,,,,,,,,
பொடுகுப் பிரச்னை,கரப்பான் பிரச்னை,,,,,,,,,,,,,,,,,,,,,,,,,,,,,,,,,,,
தலைவலி பாரம்,தலைபாரம்,,,,,,,,,,,,,,,,,,,,,,,,,,,,,,,,,,,
இளமை,,,,,,,,,,,,,,,,,,,,,,,,,,,,,,,,,,,,
வாயுக்கோளாறுகள்,நரம்புக் கோளாறுகள்,சுவாசக் கோளாறுகள்,தைராய்டு கோளாறுகள்,வாதக் கோளாறுகள்,குடல் கோளாறுகள்,மனநலக் கோளாறுகள்,கணையக் கோளாறுகள்,வயிற்றுக் கோளாறுகள்,வாயுக் கோளாறுகள்,,,,,,,,,,,,,,,,,,,,,,,,,,,
நீர் அடைப்பு,நீர்க்கடுப்பு,,,,,,,,,,,,,,,,,,,,,,,,,,,,,,,,,,,
ஆண்மைக் குறைவும்,ஆண்மைக் குறைபாடுகள்,ஆண்மைக் குறைவு,ஆண்மைக் குறைபாடும்,,,,,,,,,,,,,,,,,,,,,,,,,,,,,,,,,
நீர்க்கடுப்பு,நீர்க்கடுப்பு நீர்,நீர் அடைப்பு,நீர்க்கட்டு,,,,,,,,,,,,,,,,,,,,,,,,,,,,,,,,,
நாள்பட்ட தலைவலி,நாள்பட்ட விக்கல்,பற்றுப் தலைவலி,,,,,,,,,,,,,,,,,,,,,,,,,,,,,,,,,,
வாதநோய் குண,தொழுநோய் குண,,,,,,,,,,,,,,,,,,,,,,,,,,,,,,,,,,,
காது வலி,குடல் வலி,வாயு வலி,,,,,,,,,,,,,,,,,,,,,,,,,,,,,,,,,,
காமாலை நோய்கள்,அருகம் நோய்கள்,குடல் நோய்கள்,காச நோய்கள்,கருப்பை நோய்கள்,கரும்படை நோய்கள்,மறைப்பு நோய்கள்,இருமல் நோய்கள்,பால்வினை நோய்கள்,மேகம் நோய்கள்,பார்வை நோய்கள்,காது நோய்கள்,,,,,,,,,,,,,,,,,,,,,,,,,
மூச்சுத்திணறல் ஆஸ்துமா,,,,,,,,,,,,,,,,,,,,,,,,,,,,,,,,,,,,
தடவினால் வலி,டால் வலி,தடவினால் விஷம்,தன்றால் வலி,தடவினால் தலைவலி,தடவினால் ரணம்,,,,,,,,,,,,,,,,,,,,,,,,,,,,,,,
மேகம் நோய்கள்,அருகம் நோய்கள்,வலிகள் நோய்கள்,புண்கள் நோய்கள்,கண் நோய்கள்,நரம்பு நோய்கள்,கப நோய்கள்,பித்தம் நோய்கள்,அஜீரணக் நோய்கள்,காமாலை நோய்கள்,உஷ்ண நோய்கள்,நோய்கள் நோய்கள்,கடுப்பு நோய்கள்,காச நோய்கள்,கருப்பை நோய்கள்,மறைப்பு நோய்கள்,பேதி நோய்கள்,சரும நோய்கள்,காது நோய்கள்,குடல் நோய்கள்,கரும்படை நோய்கள்,இருமல் நோய்கள்,பல் நோய்கள்,தோல் நோய்கள்,புண் நோய்கள்,,,,,,,,,,,,
உடல் எடை,,,,,,,,,,,,,,,,,,,,,,,,,,,,,,,,,,,,
செயல்திறன் பாிப்புகள்,ருசியின்மை பாகிப்பும்,,,,,,,,,,,,,,,,,,,,,,,,,,,,,,,,,,,
மண்ணீரல் வீக்கம்,மார்பக வீக்கம்,கல்லீரல் வீக்கம்,மண்ணீரல் நோய்கள்,,,,,,,,,,,,,,,,,,,,,,,,,,,,,,,,,
ஆண் மலட்டுத்தன்மை,மலட்டுத்தன்மை,,,,,,,,,,,,,,,,,,,,,,,,,,,,,,,,,,,
உறுப்புகள் பலம்,,,,,,,,,,,,,,,,,,,,,,,,,,,,,,,,,,,,
ரசம் கோளாறுகளை,சளி கோளாறுகள்,நரம்புக் கோளாறுகள்,வாதக் கோளாறுகள்,குடல் கோளாறுகள்,மனநலக் கோளாறுகள்,,,,,,,,,,,,,,,,,,,,,,,,,,,,,,,
கருப்பைக் கோளாறுகள்,நரம்புக் கோளாறுகள்,அஜீரணக் கோளாறுகள்,சுவாசக் கோளாறுகள்,கருப்பை கோளாறுகள்,பூச்சிக் கோளாறுகள்,குடல் கோளாறுகள்,கணையக் கோளாறுகள்,வயிற்றுக் கோளாறுகள்,வாயுக் கோளாறுகள்,கல்லீரல் கோளாறுகள்,ஜீரணக் கோளாறுகள்,மாரடைப்பு கோளாறுகள்,கர்ப்பப் கோளாறுகள்,நுரையீரல் கோளாறுகள்,,,,,,,,,,,,,,,,,,,,,,
வயிறு இரைச்சல்,வயிறு எரிச்சல்,,,,,,,,,,,,,,,,,,,,,,,,,,,,,,,,,,,
பால்வினை நோய்கள்,கருப்பை நோய்கள்,தடவினால் நோய்கள்,காமாலை நோய்கள்,கரப்பான் நோய்கள்,பார்வை நோய்கள்,வாந்தி நோய்கள்,,,,,,,,,,,,,,,,,,,,,,,,,,,,,,
தலை வலி,தலைவலி,தலைவலி வலி,வேதனை வலி,பல் வலி,,,,,,,,,,,,,,,,,,,,,,,,,,,,,,,,
நீர் குறைபாடுகள்,அஜீரணக் குறைபாடு,ஈறு குறைபாடுகள்,குறைபாடுகள்,அடைப்பு குறைபாடுகள்,வடிதல் குறைபாடுகள்,ஆண்மைக் குறைபாடுகள்,சதை குறைபாடுகள்,கசிவு குறைபாடுகள்,ரத்தம் குறைபாடுகள்,அரிப்பு குறைபாடுகள்,ரத்தக் குறைபாடுகள்,,,,,,,,,,,,,,,,,,,,,,,,,
பாம்பின் விஷம்,,,,,,,,,,,,,,,,,,,,,,,,,,,,,,,,,,,,
நுரையீரல் கோளாறுகள்,நரம்புக் கோளாறுகள்,நுரையீரல் நோய்கள்,தைராய்டு கோளாறுகள்,கருப்பைக் கோளாறுகள்,குடல் கோளாறுகள்,கணையக் கோளாறுகள்,மனநலக் கோளாறுகள்,நுரையீரல் கோளாறுகளை,அஜீரணக் கோளாறுகள்,ஜீரணக் கோளாறுகள்,மாரடைப்பு கோளாறுகள்,,,,,,,,,,,,,,,,,,,,,,,,,
தலைவலி,,,,,,,,,,,,,,,,,,,,,,,,,,,,,,,,,,,,
நோய் சிறுநீர்,தீரும் சிறுநீர்,,,,,,,,,,,,,,,,,,,,,,,,,,,,,,,,,,,
வீக்கம் வலியும்,வீக்கம் குணம்,வீக்கம் வீக்கம்,மூட்டு வலியும்,வீக்கம் பருமன்,வீக்கம் அஜீரணம்,வீக்கம் நிவாரணம்,வீக்கம் வலி,,,,,,,,,,,,,,,,,,,,,,,,,,,,,
நெஞ்சு வலி,,,,,,,,,,,,,,,,,,,,,,,,,,,,,,,,,,,,
தலைபாரம் ஜலதோஷம்,,,,,,,,,,,,,,,,,,,,,,,,,,,,,,,,,,,,
கோளாறுகள்,ஆன கோளாறுகள்,பை கோளாறுகள்,சளி கோளாறுகள்,,,,,,,,,,,,,,,,,,,,,,,,,,,,,,,,,
வயிற்றுவலி,அடிவயிற்று வலி,,,,,,,,,,,,,,,,,,,,,,,,,,,,,,,,,,,
கபம் இருமல்,பேதி இருமல்,புண் இருமல்,,,,,,,,,,,,,,,,,,,,,,,,,,,,,,,,,,
கறுப்பு நிறம்,,,,,,,,,,,,,,,,,,,,,,,,,,,,,,,,,,,,
கபம் நுரையீரல்,சளி நுரையீரல்,,,,,,,,,,,,,,,,,,,,,,,,,,,,,,,,,,,
கர்ப்பப்பை வீக்கம்,பற்றுப் வீக்கம்,கர்ப்பப் கோளாறுகள்,,,,,,,,,,,,,,,,,,,,,,,,,,,,,,,,,,
வயிறு உளைச்சல்,வயிறு உப்புசம்,வயிறு எரிச்சல்,பேதி உளைச்சல்,,,,,,,,,,,,,,,,,,,,,,,,,,,,,,,,,
பல் பிரச்னைகள்,வயிற்றுப் பிரச்னைகள்,தோல் பிரச்னை,வயிறு பிரச்னைகள்,பல் பாதிப்புகள்,கண் பிரச்னைகள்,வாயுப் பிரச்னைகள்,,,,,,,,,,,,,,,,,,,,,,,,,,,,,,
நாற்றம் நாற்றம்,வாய் நாற்றம்,,,,,,,,,,,,,,,,,,,,,,,,,,,,,,,,,,,
தொண்டைக்கட்டு,,,,,,,,,,,,,,,,,,,,,,,,,,,,,,,,,,,,
குடல் வாதம்,குரல் வளம்,மூட்டு வாதம்,கால் வாதமும்,,,,,,,,,,,,,,,,,,,,,,,,,,,,,,,,,
மூளை சுறுசுறுப்பு,,,,,,,,,,,,,,,,,,,,,,,,,,,,,,,,,,,,
இதய நோய்கள்,வயிறு நோய்கள்,சொரி நோய்கள்,வாத நோய்கள்,காச நோய்கள்,படை நோய்கள்,வலி நோய்கள்,ஆன நோய்கள்,கண் நோய்கள்,உஷ்ண நோய்கள்,சளி நோய்கள்,பேதி நோய்கள்,கப நோய்கள்,பல் நோய்கள்,சரும நோய்கள்,தோல் நோய்கள்,காது நோய்கள்,புண் நோய்கள்,,,,,,,,,,,,,,,,,,,
கை வீக்கம்,ஈறு வீக்கம்,விரை வீக்கம்,வலி வீக்கம்,இதய வீக்கம்,கை நடுக்கம்,தசை விக்கம்,,,,,,,,,,,,,,,,,,,,,,,,,,,,,,
குறைவு பாிப்புகள்,கை பிடிப்புகள்,,,,,,,,,,,,,,,,,,,,,,,,,,,,,,,,,,,
முகம் அழகு,,,,,,,,,,,,,,,,,,,,,,,,,,,,,,,,,,,,
அடிவயிற்று வலி,வயிற்றுவலி,,,,,,,,,,,,,,,,,,,,,,,,,,,,,,,,,,,
அடைப்பு,கடுப்பு,,,,,,,,,,,,,,,,,,,,,,,,,,,,,,,,,,,
வெள்ளைப்படுதல்,புண் வெள்ளைப்படுத்தல்,,,,,,,,,,,,,,,,,,,,,,,,,,,,,,,,,,,
பான் கருங்கரப்பான்,,,,,,,,,,,,,,,,,,,,,,,,,,,,,,,,,,,,
சீரகம் வாந்தி,,,,,,,,,,,,,,,,,,,,,,,,,,,,,,,,,,,,
புண் கசிவும்,புண்கள் குணம்,புண் குடல்,,,,,,,,,,,,,,,,,,,,,,,,,,,,,,,,,,
கை பிடிப்பு,கை பிடிப்புகள்,பிடிப்பு வலி,தசைப் பிடிப்பு,,,,,,,,,,,,,,,,,,,,,,,,,,,,,,,,,
வயிற்றில் புழுக்கள்,வயிற்றுப் பிரச்னைகள்,வயிற்றுப் புண்கள்,வயிற்றுப் புழுக்கள்,விந்தில் உயிரணுக்கள்,,,,,,,,,,,,,,,,,,,,,,,,,,,,,,,,
ஆன கபம்,,,,,,,,,,,,,,,,,,,,,,,,,,,,,,,,,,,,
காய்ச்சல்,கழிச்சல்,,,,,,,,,,,,,,,,,,,,,,,,,,,,,,,,,,,
ஈரல் விக்கம்,ஈறு வீக்கம்,விரை வீக்கம்,கல்லீரல் விக்கம்,வலி வீக்கம்,தசை விக்கம்,,,,,,,,,,,,,,,,,,,,,,,,,,,,,,,
பித்தம் மயக்கம்,பித்தம் நோய்கள்,வாந்தி மயக்கம்,,,,,,,,,,,,,,,,,,,,,,,,,,,,,,,,,,
தலைபாரம் தலைவலி,,,,,,,,,,,,,,,,,,,,,,,,,,,,,,,,,,,,
கசிவது,,,,,,,,,,,,,,,,,,,,,,,,,,,,,,,,,,,,
தொண்டைப் இருமல்,நாள்பட்ட இருமல்,இரைப்பு இருமல்,தொண்டைப் புண்,,,,,,,,,,,,,,,,,,,,,,,,,,,,,,,,,
வெட்டை மேகம்,,,,,,,,,,,,,,,,,,,,,,,,,,,,,,,,,,,,
நீர் கசிவது,ரத்தம் கசிவது,,,,,,,,,,,,,,,,,,,,,,,,,,,,,,,,,,,
உடல் சோர்வு,உடல் அரிப்பு,,,,,,,,,,,,,,,,,,,,,,,,,,,,,,,,,,,
சுவாசக் கோளாறுகள்,நரம்புக் கோளாறுகள்,அஜீரணக் கோளாறுகள்,கருப்பை கோளாறுகள்,தைராய்டு கோளாறுகள்,கருப்பைக் கோளாறுகள்,பூச்சிக் கோளாறுகள்,வாதக் கோளாறுகள்,வாயுக்கோளாறுகள்,குடல் கோளாறுகள்,கணையக் கோளாறுகள்,மனநலக் கோளாறுகள்,வயிற்றுக் கோளாறுகள்,வாயுக் கோளாறுகள்,கல்லீரல் கோளாறுகள்,ஜீரணக் கோளாறுகள்,,,,,,,,,,,,,,,,,,,,,
உஷ்ண உளைச்சல்,,,,,,,,,,,,,,,,,,,,,,,,,,,,,,,,,,,,
சாப்பிட்டுவந்தால் குழந்தைப்பேறு,சாப்பிட்டுவந்தால் பித்தம்,சாப்பிட்டுவந்தால் மலட்டுத்தன்மை,,,,,,,,,,,,,,,,,,,,,,,,,,,,,,,,,,
குடல் வலி,உடல் வலி,புண் வலி,காது வலி,டால் வலி,குத்தல் வலி,பல் வலி,கண் வலி,,,,,,,,,,,,,,,,,,,,,,,,,,,,,
ரத்தம் வலிமை,குத்தல் வலி,ரத்தம் சக்தி,,,,,,,,,,,,,,,,,,,,,,,,,,,,,,,,,,
கணையக் கோளாறுகள்,நரம்புக் கோளாறுகள்,அஜீரணக் கோளாறுகள்,சுவாசக் கோளாறுகள்,கருப்பை கோளாறுகள்,தைராய்டு கோளாறுகள்,கருப்பைக் கோளாறுகள்,பூச்சிக் கோளாறுகள்,பை கோளாறுகள்,வாயுக்கோளாறுகள்,குடல் கோளாறுகள்,மனநலக் கோளாறுகள்,வயிற்றுக் கோளாறுகள்,வாதக் கோளாறுகள்,வாயுக் கோளாறுகள்,கல்லீரல் கோளாறுகள்,ஜீரணக் கோளாறுகள்,நுரையீரல் கோளாறுகள்,,,,,,,,,,,,,,,,,,,
பேன் தொல்லை,,,,,,,,,,,,,,,,,,,,,,,,,,,,,,,,,,,,
வயிற்றுப்போக்கும்,வயிற்றுப் பிரச்னைகள்,வயிற்றுப் புண்கள்,வயிற்றுப்புண்,வயிற்று உப்புசம்,வயிற்றுக் கடுப்பு,வயிற்றுப் பூச்சிகள்,வயிற்றுப் புண்,வயிற்றுப் புழுக்கள்,,,,,,,,,,,,,,,,,,,,,,,,,,,,
வலிப்பு நோய்கள்,வலிகள் நோய்கள்,புண்கள் நோய்கள்,உதட்டு நோய்கள்,நரம்பு நோய்கள்,வலி நோய்கள்,சிரங்கு நோய்கள்,பித்தம் நோய்கள்,இரைப்பு நோய்கள்,தவளைச் நோய்கள்,கரப்பான் நோய்கள்,மார்பு நோய்கள்,கடுப்பு நோய்கள்,தொற்று நோய்கள்,கருப்பை நோய்கள்,தடவினால் நோய்கள்,மறைப்பு நோய்கள்,வாந்தி நோய்கள்,வயிறு நோய்கள்,தோல் நோய்களைத்,குடல் நோய்கள்,நீரழிவு நோய்கள்,இருமல் நோய்கள்,பல் நோய்கள்,பார்வை நோய்கள்,தோல் நோய்கள்,புண் நோய்கள்,,,,,,,,,,
சீதபேதி,சீத பேதி,,,,,,,,,,,,,,,,,,,,,,,,,,,,,,,,,,,
தீப்புண்,,,,,,,,,,,,,,,,,,,,,,,,,,,,,,,,,,,,
தோல் எரிச்சல்,கண் எரிச்சல்,உடல் எரிச்சல்,நீர் எரிச்சல்,,,,,,,,,,,,,,,,,,,,,,,,,,,,,,,,,
சளி நுரையீரல்,,,,,,,,,,,,,,,,,,,,,,,,,,,,,,,,,,,,
புண் நோய்கள்,அருகம் நோய்கள்,புண்கள் நோய்கள்,கண் நோய்கள்,நரம்பு நோய்கள்,கப நோய்கள்,இதய நோய்கள்,வலி நோய்கள்,தொண்டை நோய்கள்,பித்தம் நோய்கள்,அஜீரணக் நோய்கள்,இரைப்பு நோய்கள்,உஷ்ண நோய்கள்,மேகம் நோய்கள்,படை நோய்களைத்,வாத நோய்கள்,காச நோய்கள்,கருப்பை நோய்கள்,ஆன நோய்கள்,மறைப்பு நோய்கள்,கபநோய்கள்,பேதி நோய்கள்,சரும நோய்கள்,காது நோய்கள்,வயிறு நோய்கள்,சொரி நோய்கள்,குடல் நோய்கள்,படை நோய்கள்,இருமல் நோய்கள்,சளி நோய்கள்,புற்று நோய்,பல் நோய்கள்,வலிப்பு நோய்கள்,பார்வை நோய்கள்,தோல் நோய்கள்,கடுப்பு நோய்கள்,
பேது ரத்த,,,,,,,,,,,,,,,,,,,,,,,,,,,,,,,,,,,,
வளம்,,,,,,,,,,,,,,,,,,,,,,,,,,,,,,,,,,,,
வெள்ளை நிறம்,,,,,,,,,,,,,,,,,,,,,,,,,,,,,,,,,,,,
தடவிக்கொண்டால் இருமல்,,,,,,,,,,,,,,,,,,,,,,,,,,,,,,,,,,,,
ரத்த அழுத்தம்,தூக்கம் அழுத்தம்,,,,,,,,,,,,,,,,,,,,,,,,,,,,,,,,,,,
கல்லீரல் வீக்கம்,மண்ணீரல் வீக்கம்,வீக்கம் வீக்கம்,கல்லீரல் விக்கம்,பலவீனம் வீக்கம்,கல்லீரல் நோய்கள்,கல்லீரல் கோளாறுகள்,கல்லீரல் புண்கள்,,,,,,,,,,,,,,,,,,,,,,,,,,,,,
வலி நோய்கள்,வலிகள் நோய்கள்,கண் நோய்கள்,வலி நோய்,கப நோய்கள்,இதய நோய்கள்,உஷ்ண நோய்கள்,வலி கட்டிகள்,வாத நோய்கள்,காச நோய்கள்,ஆன நோய்கள்,பேதி நோய்கள்,சரும நோய்கள்,வாந்தி நோய்கள்,வயிறு நோய்கள்,சொரி நோய்கள்,குடல் நோய்கள்,படை நோய்கள்,சளி நோய்கள்,பல் நோய்கள்,வலிப்பு நோய்கள்,தோல் நோய்கள்,புண் நோய்கள்,,,,,,,,,,,,,,
மில்லி மலச்சிக்கல்,டால் மலச்சிக்கல்,,,,,,,,,,,,,,,,,,,,,,,,,,,,,,,,,,,
மலட்டுத்தன்மை,ஆண் மலட்டுத்தன்மை,,,,,,,,,,,,,,,,,,,,,,,,,,,,,,,,,,,
ஆன காய்ச்சல்களும்,காய்ச் சல்களும்,,,,,,,,,,,,,,,,,,,,,,,,,,,,,,,,,,,
சிறுநீர்,சிறுநீரகக்,,,,,,,,,,,,,,,,,,,,,,,,,,,,,,,,,,,
பேதி உளைச்சல்,உஷ்ண உளைச்சல்,,,,,,,,,,,,,,,,,,,,,,,,,,,,,,,,,,,
சர்க்கீரை நோயைக்,சர்க்கீரை நோயும்,சர்க்கீரை சிறுநீர்,,,,,,,,,,,,,,,,,,,,,,,,,,,,,,,,,,
கை வலிகள்,கால் வலிகள்,ஆன வலிகள்,,,,,,,,,,,,,,,,,,,,,,,,,,,,,,,,,,
தசைப் பிடிப்பு,கை பிடிப்பு,கால் பிடிப்பு,கை பிடிப்புகள்,மூச்சுப் பிடிப்பு,,,,,,,,,,,,,,,,,,,,,,,,,,,,,,,,
தடவினால் நோய்கள்,தடவினால் விக்கல்,தோல் நோய்களைத்,வலிகள் நோய்கள்,குடல் நோய்கள்,தடவினால் புண்கள்,தைராய்டு நோய்கள்,தடவினால் குணம்,உதட்டு நோய்கள்,தடவினால் கட்டிகள்,தடவினால் வீக்கம்,பால்வினை நோய்கள்,வலிப்பு நோய்கள்,தோல் நோய்கள்,வாந்தி நோய்கள்,தவளைச் நோய்கள்,,,,,,,,,,,,,,,,,,,,,
பசியின்மை நீங்கி,,,,,,,,,,,,,,,,,,,,,,,,,,,,,,,,,,,,
சளி மூக்கடைப்பு,மூக்கடைப்பு,,,,,,,,,,,,,,,,,,,,,,,,,,,,,,,,,,,
கால் வாதமும்,வாதம் வாதம்,கை வாதமும்,குடல் வாதம்,வாதம் வாதமும்,,,,,,,,,,,,,,,,,,,,,,,,,,,,,,,,
குஷ்ட நோய்,,,,,,,,,,,,,,,,,,,,,,,,,,,,,,,,,,,,
கூச்சம் ஆடுதல்,,,,,,,,,,,,,,,,,,,,,,,,,,,,,,,,,,,,
அரிப்பு குறைபாடுகள்,ஈறு குறைபாடுகள்,அடைப்பு குறைபாடுகள்,வடிதல் குறைபாடுகள்,ஆண்மைக் குறைபாடுகள்,கசிவு குறைபாடுகள்,ரத்தம் குறைபாடுகள்,நீர் குறைபாடுகள்,ரத்தக் குறைபாடுகள்,,,,,,,,,,,,,,,,,,,,,,,,,,,,
நாள்பட்ட வீக்கம்,நாள்பட்ட மலச்சிக்கல்,நாள்பட்ட இருமல்,மார்பக வீக்கம்,நாள்பட்ட விக்கல்,பற்றுப் வீக்கம்,நாள்பட்ட புண்கள்,மூட்டு வீக்கம்,,,,,,,,,,,,,,,,,,,,,,,,,,,,,
வாயுப் பிரச்னைகள்,வயிற்றுப் பிரச்னைகள்,பல் பிரச்னைகள்,கண் பிரச்னைகள்,வயிறு பிரச்னைகள்,,,,,,,,,,,,,,,,,,,,,,,,,,,,,,,,
நீர்க் போன்றவைய்,நீர் போன்றவைய்,,,,,,,,,,,,,,,,,,,,,,,,,,,,,,,,,,,
குறைபாடு,,,,,,,,,,,,,,,,,,,,,,,,,,,,,,,,,,,,
ருசியின்மை குறைபாடு,,,,,,,,,,,,,,,,,,,,,,,,,,,,,,,,,,,,
சிறுநீரக நோய்கள்,வயிறு நோய்கள்,அஜீரணக் நோய்கள்,நீரழிவு நோய்கள்,சிரங்கு நோய்களைத்,சிரங்கு நோய்கள்,,,,,,,,,,,,,,,,,,,,,,,,,,,,,,,
நரம்பு வாதம்,நரம்பு வலிகள்,வாதம் வாதம்,மூட்டு வாதம்,பாம்பு விஷம்,இடுப்பு வாதம்,,,,,,,,,,,,,,,,,,,,,,,,,,,,,,,
தடவினால் மூலக்கட்டிகள்,,,,,,,,,,,,,,,,,,,,,,,,,,,,,,,,,,,,
சளி ஒழுகுவது,,,,,,,,,,,,,,,,,,,,,,,,,,,,,,,,,,,,
வலிகள் நோய்கள்,அருகம் நோய்கள்,புண்கள் நோய்கள்,கண் நோய்கள்,வலி நோய்கள்,சிரங்கு நோய்கள்,பித்தம் நோய்கள்,அஜீரணக் நோய்கள்,மேகம் நோய்கள்,நோய்கள் நோய்கள்,கடுப்பு நோய்கள்,கருப்பை நோய்கள்,தடவினால் நோய்கள்,வாந்தி நோய்கள்,வயிறு நோய்கள்,தோல் நோய்களைத்,குடல் நோய்கள்,இருமல் நோய்கள்,பல் நோய்கள்,வலிப்பு நோய்கள்,தோல் நோய்கள்,தவளைச் நோய்கள்,,,,,,,,,,,,,,,
சொறி சிரங்குகள்,சிரங்கு நோய்கள்,,,,,,,,,,,,,,,,,,,,,,,,,,,,,,,,,,,
குரல் வளமை,,,,,,,,,,,,,,,,,,,,,,,,,,,,,,,,,,,,
ரத்தசோகை,,,,,,,,,,,,,,,,,,,,,,,,,,,,,,,,,,,,
பாம்பு விஷம்,நரம்பு வாதம்,,,,,,,,,,,,,,,,,,,,,,,,,,,,,,,,,,,
ஆன வலிகள்,கை வலிகள்,,,,,,,,,,,,,,,,,,,,,,,,,,,,,,,,,,,
சளி நீரிழிவு,சைனஸ் நீரிழிவு,நீரிழிவு,,,,,,,,,,,,,,,,,,,,,,,,,,,,,,,,,,
சுறுசுறுப்பு,,,,,,,,,,,,,,,,,,,,,,,,,,,,,,,,,,,,
தொண்டை நோய்கள்,தோல் நோய்களைத்,புண்கள் நோய்கள்,பித்தம் நோய்கள்,தொற்று நோய்கள்,அஜீரணக் நோய்கள்,படை நோய்கள்,கருப்பை நோய்கள்,தைராய்டு நோய்கள்,தவளைச் நோய்கள்,எடை நோய்களைக்,கரும்படை நோய்கள்,உதட்டு நோய்கள்,கண் நோய்கள்,படை நோய்களைத்,பார்வை நோய்கள்,தோல் நோய்கள்,புண் நோய்கள்,,,,,,,,,,,,,,,,,,,
நீரிழிவு நோயைக்,நீரழிவு நோய்,நீரழிவு நோய்கள்,,,,,,,,,,,,,,,,,,,,,,,,,,,,,,,,,,
பூச்சிக் கோளாறுகள்,சளி கோளாறுகள்,நரம்புக் கோளாறுகள்,அஜீரணக் கோளாறுகள்,சுவாசக் கோளாறுகள்,கருப்பை கோளாறுகள்,கருப்பைக் கோளாறுகள்,வாதக் கோளாறுகள்,குடல் கோளாறுகள்,கணையக் கோளாறுகள்,மனநலக் கோளாறுகள்,வயிற்றுக் கோளாறுகள்,வாயுக் கோளாறுகள்,கல்லீரல் கோளாறுகள்,ஜீரணக் கோளாறுகள்,கர்ப்பப் கோளாறுகள்,,,,,,,,,,,,,,,,,,,,,
இரைப்பு நோய்கள்,அருகம் நோய்கள்,புண்கள் நோய்கள்,உதட்டு நோய்கள்,நரம்பு நோய்கள்,சிரங்கு நோய்கள்,பித்தம் நோய்கள்,அஜீரணக் நோய்கள்,தவளைச் நோய்கள்,கரப்பான் நோய்கள்,இரைப்பு நோய்,கடுப்பு நோய்கள்,தொற்று நோய்கள்,கருப்பை நோய்கள்,மறைப்பு நோய்கள்,அரைத்துச் நோய்கள்,சரும நோய்கள்,தாமரைப் புண்கள்,தைராய்டு நோய்கள்,கரும்படை நோய்கள்,நீரழிவு நோய்கள்,இருமல் நோய்கள்,பல் நோய்கள்,வலிப்பு நோய்கள்,பார்வை நோய்கள்,புண் நோய்கள்,,,,,,,,,,,
கஇிரந்திப் புண்கள்,கரப்பான் புழுக்கள்,நாள்பட்ட புண்கள்,,,,,,,,,,,,,,,,,,,,,,,,,,,,,,,,,,
உஷ்ண நோய்கள்,சொரி நோய்கள்,வாத நோய்கள்,இதய நோய்கள்,குடல் நோய்கள்,காச நோய்கள்,படை நோய்கள்,வலி நோய்கள்,ஆன நோய்கள்,உதட்டு நோய்கள்,கண் நோய்கள்,சளி நோய்கள்,பேதி நோய்கள்,கப நோய்கள்,மேகம் நோய்கள்,பல் நோய்கள்,சரும நோய்கள்,தோல் நோய்கள்,புண் நோய்கள்,,,,,,,,,,,,,,,,,,
விரை வாதம்,கை வாதமும்,,,,,,,,,,,,,,,,,,,,,,,,,,,,,,,,,,,
துளிகள் வலி,,,,,,,,,,,,,,,,,,,,,,,,,,,,,,,,,,,,
உடல் குளிர்ச்சி,கண்கள் குளிர்ச்சி,,,,,,,,,,,,,,,,,,,,,,,,,,,,,,,,,,,
அழுத்தம் நோய்கள்,அருகம் நோய்கள்,புண்கள் நோய்கள்,பித்தம் நோய்கள்,கரும்படை நோய்கள்,இருமல் நோய்கள்,அரைத்துச் நோய்கள்,அழுத்த நோய்,,,,,,,,,,,,,,,,,,,,,,,,,,,,,
கராம் புண்கள்,குடல் புண்கள்,மூலப் புண்கள்,காய்ச்சி புண்கள்,புண்கள் புண்கள்,ஓமம் புண்கள்,கல்லீரல் புண்கள்,தாமரைப் புண்கள்,,,,,,,,,,,,,,,,,,,,,,,,,,,,,
ஆசனவாய்க் கடுப்பு,,,,,,,,,,,,,,,,,,,,,,,,,,,,,,,,,,,,
சூடு கடுப்பு,மூலக் கடுப்பு,வலி கடுப்பு,,,,,,,,,,,,,,,,,,,,,,,,,,,,,,,,,,
தொற்று நோய்கள்,வயிறு நோய்கள்,தோல் நோய்களைத்,தொண்டை நோய்கள்,பித்தம் நோய்கள்,தைராய்டு நோய்கள்,இரைப்பு நோய்கள்,தவளைச் நோய்கள்,மறைப்பு நோய்கள்,உதட்டு நோய்கள்,நரம்பு நோய்கள்,வலிப்பு நோய்கள்,மார்பு நோய்கள்,தோல் நோய்கள்,காது நோய்கள்,சிரங்கு நோய்கள்,கடுப்பு நோய்கள்,,,,,,,,,,,,,,,,,,,,
வாய் பற்கள்,வாய் நாற்றம்,,,,,,,,,,,,,,,,,,,,,,,,,,,,,,,,,,,
மறைப்பு நோய்கள்,அருகம் நோய்கள்,புண்கள் நோய்கள்,உதட்டு நோய்கள்,நரம்பு நோய்கள்,சிரங்கு நோய்கள்,பித்தம் நோய்கள்,காமாலை நோய்கள்,இரைப்பு நோய்கள்,தவளைச் நோய்கள்,மேகம் நோய்கள்,கரப்பான் நோய்கள்,இரைப்பு நோய்,கடுப்பு நோய்கள்,தொற்று நோய்கள்,கருப்பை நோய்கள்,தாமரைப் புண்கள்,வயிறு நோய்கள்,தைராய்டு நோய்கள்,கரும்படை நோய்கள்,இருமல் நோய்கள்,பல் நோய்கள்,வலிப்பு நோய்கள்,பார்வை நோய்கள்,புண் நோய்கள்,,,,,,,,,,,,
மனநலக் கோளாறுகள்,ஆன கோளாறுகள்,நரம்புக் கோளாறுகள்,அஜீரணக் கோளாறுகள்,சுவாசக் கோளாறுகள்,கருப்பை கோளாறுகள்,ரசம் கோளாறுகளை,பூச்சிக் கோளாறுகள்,வாதக் கோளாறுகள்,வாயுக்கோளாறுகள்,குடல் கோளாறுகள்,கணையக் கோளாறுகள்,வாயுக் கோளாறுகள்,கல்லீரல் கோளாறுகள்,ஜீரணக் கோளாறுகள்,நுரையீரல் கோளாறுகள்,,,,,,,,,,,,,,,,,,,,,
காய்ச்சி புண்கள்,கல்லீரல் புண்கள்,கராம் புண்கள்,நாள்பட்ட புண்கள்,,,,,,,,,,,,,,,,,,,,,,,,,,,,,,,,,
உப்புசம் சிறுநீரகக்,,,,,,,,,,,,,,,,,,,,,,,,,,,,,,,,,,,,
கூச்சம் வடிதல்,,,,,,,,,,,,,,,,,,,,,,,,,,,,,,,,,,,,
வலி கடுப்பு,மூலக் கடுப்பு,சூடு கடுப்பு,வலி அரிப்பு,,,,,,,,,,,,,,,,,,,,,,,,,,,,,,,,,
நீர்க்கடுப்பு நீர்,நீர்க்கடுப்பு,,,,,,,,,,,,,,,,,,,,,,,,,,,,,,,,,,,
சதை வளர்ச்சி,,,,,,,,,,,,,,,,,,,,,,,,,,,,,,,,,,,,
உயிரணுக்கள் எண்ணிக்கை,,,,,,,,,,,,,,,,,,,,,,,,,,,,,,,,,,,,
வயிறு நோய்கள்,வயிறு மந்தம்,சொரி நோய்கள்,வாத நோய்கள்,இதய நோய்கள்,வலிகள் நோய்கள்,தொற்று நோய்கள்,வாந்தி நோய்கள்,வலி நோய்கள்,குடல் நோய்கள்,நீரழிவு நோய்கள்,மறைப்பு நோய்கள்,சிறுநீரக நோய்கள்,சளி நோய்கள்,பேதி நோய்கள்,வலிப்பு நோய்கள்,சரும நோய்கள்,சிரங்கு நோய்கள்,புண் நோய்கள்,,,,,,,,,,,,,,,,,,
காயங்கள்,கபநோய்கள்,,,,,,,,,,,,,,,,,,,,,,,,,,,,,,,,,,,
வீக்கம் குணம்,வீக்கம் வீக்கம்,புண்கள் குணம்,வீக்கம் பருமன்,வீக்கம் அஜீரணம்,வீக்கம் நிவாரணம்,,,,,,,,,,,,,,,,,,,,,,,,,,,,,,,
கருப்பை கோளாறுகள்,நரம்புக் கோளாறுகள்,அஜீரணக் கோளாறுகள்,சுவாசக் கோளாறுகள்,கருப்பை நோய்கள்,தைராய்டு கோளாறுகள்,கருப்பைக் கோளாறுகள்,பூச்சிக் கோளாறுகள்,பை கோளாறுகள்,வாதக் கோளாறுகள்,குடல் கோளாறுகள்,கணையக் கோளாறுகள்,மனநலக் கோளாறுகள்,வாயுக் கோளாறுகள்,கல்லீரல் கோளாறுகள்,ஜீரணக் கோளாறுகள்,மாரடைப்பு கோளாறுகள்,கர்ப்பப் கோளாறுகள்,,,,,,,,,,,,,,,,,,,
பொடுகுத் தொல்லை,,,,,,,,,,,,,,,,,,,,,,,,,,,,,,,,,,,,
குளிர்ச்சி,உடல் குளிர்ச்சி,,,,,,,,,,,,,,,,,,,,,,,,,,,,,,,,,,,
சனி கபம்,,,,,,,,,,,,,,,,,,,,,,,,,,,,,,,,,,,,
சாப்பிட்டுவந்தால் மலட்டுத்தன்மை,சாப்பிட்டுவந்தால் பித்தம்,,,,,,,,,,,,,,,,,,,,,,,,,,,,,,,,,,,
பை கோளாறுகள்,ஆன கோளாறுகள்,சளி கோளாறுகள்,பை கற்கள்,கருப்பை கோளாறுகள்,வாதக் கோளாறுகள்,குடல் கோளாறுகள்,கணையக் கோளாறுகள்,கோளாறுகள்,,,,,,,,,,,,,,,,,,,,,,,,,,,,
கண் நோய்கள்,அருகம் நோய்கள்,வலிகள் நோய்கள்,புண்கள் நோய்கள்,கப நோய்கள்,இதய நோய்கள்,வலி நோய்கள்,தொண்டை நோய்கள்,அஜீரணக் நோய்கள்,உஷ்ண நோய்கள்,மேகம் நோய்கள்,நோய்கள் நோய்கள்,வாத நோய்கள்,கடுப்பு நோய்கள்,காச நோய்கள்,கருப்பை நோய்கள்,ஆன நோய்கள்,கபநோய்கள்,பேதி நோய்கள்,சரும நோய்கள்,சொரி நோய்கள்,குடல் நோய்கள்,கண் நோய்,படை நோய்கள்,சளி நோய்கள்,பல் நோய்கள்,தோல் நோய்கள்,புண் நோய்கள்,,,,,,,,,
நமைச்சல்,,,,,,,,,,,,,,,,,,,,,,,,,,,,,,,,,,,,
புண்கள் குணம்,புண் கசிவும்,வீக்கம் குணம்,புண்கள் நோய்கள்,,,,,,,,,,,,,,,,,,,,,,,,,,,,,,,,,
௬ுசியின்மை பிரச்னை,பசியின்மை பிரச்னை,சுவையின்மைப் பிரச்னை,,,,,,,,,,,,,,,,,,,,,,,,,,,,,,,,,,
மலச்சிக்கல் போன்றவையும்,,,,,,,,,,,,,,,,,,,,,,,,,,,,,,,,,,,,
புண்களைக்,,,,,,,,,,,,,,,,,,,,,,,,,,,,,,,,,,,,
இரைப்பு ஈளை,,,,,,,,,,,,,,,,,,,,,,,,,,,,,,,,,,,,
புண்கள்,,,,,,,,,,,,,,,,,,,,,,,,,,,,,,,,,,,,
புண் குடல்,புண் கசிவும்,புண் இருமல்,,,,,,,,,,,,,,,,,,,,,,,,,,,,,,,,,,
வயிறு எரிச்சல்,வயிறு உளைச்சல்,சிறுநீர் எரிச்சல்,வயிறு இரைச்சல்,,,,,,,,,,,,,,,,,,,,,,,,,,,,,,,,,
கண் பிரச்னைகள்,பல் பிரச்னைகள்,வயிறு பிரச்னைகள்,சூடு பிரச்னைகள்,கண் பார்வைக்,வாயுப் பிரச்னைகள்,,,,,,,,,,,,,,,,,,,,,,,,,,,,,,,
கடுப்பு,,,,,,,,,,,,,,,,,,,,,,,,,,,,,,,,,,,,
இன்மை அழுத்தம்,மயக்கம் அழுத்தம்,தூக்கம் அழுத்தம்,,,,,,,,,,,,,,,,,,,,,,,,,,,,,,,,,,
மூளைக்காய்ச்சல்,வாதக் காய்ச்சல்,,,,,,,,,,,,,,,,,,,,,,,,,,,,,,,,,,,
மலம்,,,,,,,,,,,,,,,,,,,,,,,,,,,,,,,,,,,,
எரிச்சல் ஏப்பம்,எரிச்சல் கபம்,,,,,,,,,,,,,,,,,,,,,,,,,,,,,,,,,,,
உடல் பலவீனம்,உடல் பருமன்,,,,,,,,,,,,,,,,,,,,,,,,,,,,,,,,,,,
தலைவலி ஜலதோஷம்,தலைபாரம் ஜலதோஷம்,,,,,,,,,,,,,,,,,,,,,,,,,,,,,,,,,,,
வாத நோய்கள்,கண் நோய்கள்,வாதநோய் குண,இதய நோய்கள்,வலி நோய்கள்,உஷ்ண நோய்கள்,வாத நோய்,காச நோய்கள்,ஆன நோய்கள்,பேதி நோய்கள்,சரும நோய்கள்,வாந்தி நோய்கள்,பல் நோய்கள்,வயிறு நோய்கள்,சொரி நோய்கள்,படை நோய்கள்,சளி நோய்கள்,கப நோய்கள்,தோல் நோய்கள்,புண் நோய்கள்,,,,,,,,,,,,,,,,,
நாள்பட்ட மலச்சிக்கல்,மில்லி மலச்சிக்கல்,டால் மலச்சிக்கல்,நாள்பட்ட விக்கல்,நாள்பட்ட வீக்கம்,,,,,,,,,,,,,,,,,,,,,,,,,,,,,,,,
உடல் சூடு,உடல் அழகு,உடல் எடை,,,,,,,,,,,,,,,,,,,,,,,,,,,,,,,,,,
வளமை,வளம்,,,,,,,,,,,,,,,,,,,,,,,,,,,,,,,,,,,
கர்ப்பக் வாந்தி,சீரகம் வாந்தி,,,,,,,,,,,,,,,,,,,,,,,,,,,,,,,,,,,
அஜீரணக் கோளாறுகள்,நரம்புக் கோளாறுகள்,சுவாசக் கோளாறுகள்,கருப்பை கோளாறுகள்,அஜீரணக் நோய்கள்,தைராய்டு கோளாறுகள்,கருப்பைக் கோளாறுகள்,பூச்சிக் கோளாறுகள்,வாதக் கோளாறுகள்,குடல் கோளாறுகள்,கணையக் கோளாறுகள்,மனநலக் கோளாறுகள்,வாயுக் கோளாறுகள்,கல்லீரல் கோளாறுகள்,ஜீரணக் கோளாறுகள்,நுரையீரல் கோளாறுகள்,,,,,,,,,,,,,,,,,,,,,
நோய் உள்ளவர்கள்,,,,,,,,,,,,,,,,,,,,,,,,,,,,,,,,,,,,
உடல் வலிகள்,உடல் வலி,மூட்டு வலிகள்,உடல் வலிமை,,,,,,,,,,,,,,,,,,,,,,,,,,,,,,,,,
சிறுநீரக,சிறுநீரகக்,,,,,,,,,,,,,,,,,,,,,,,,,,,,,,,,,,,
வயிறு உப்புசம்,வயிறு உளைச்சல்,வயிற்றுப்புண்,வயிற்று உப்புசம்,வயிற்றுப் புண்,,,,,,,,,,,,,,,,,,,,,,,,,,,,,,,,
வாதம் வாதம்,நரம்பு வாதம்,மூட்டு வாதம்,வாதம் வாதமும்,,,,,,,,,,,,,,,,,,,,,,,,,,,,,,,,,
மரப் பழத்தைத்,,,,,,,,,,,,,,,,,,,,,,,,,,,,,,,,,,,,
தடவினால் ரணம்,தடவினால் குணம்,தடவினால் புண்கள்,தடவினால் வலி,தடவினால் வீக்கம்,,,,,,,,,,,,,,,,,,,,,,,,,,,,,,,,
தசை விக்கம்,ஈரல் விக்கம்,கை வீக்கம்,இதய வீக்கம்,,,,,,,,,,,,,,,,,,,,,,,,,,,,,,,,,
வீக்கம் தீக்காயங்கள்,,,,,,,,,,,,,,,,,,,,,,,,,,,,,,,,,,,,
கீரைய் இதயம்,,,,,,,,,,,,,,,,,,,,,,,,,,,,,,,,,,,,
சூடு உஷ்ணம்,,,,,,,,,,,,,,,,,,,,,,,,,,,,,,,,,,,,
நரம்புக் கோளாறுகள்,தைராய்டு கோளாறுகள்,வாயுக்கோளாறுகள்,குடல் கோளாறுகள்,வயிற்றுக் கோளாறுகள்,கல்லீரல் கோளாறுகள்,கர்ப்பப் கோளாறுகள்,பூச்சிக் கோளாறுகள்,வாதக் கோளாறுகள்,ஜீரணக் கோளாறுகள்,ரசம் கோளாறுகளை,கருப்பைக் கோளாறுகள்,மனநலக் கோளாறுகள்,அஜீரணக் கோளாறுகள்,நுரையீரல் கோளாறுகள்,மாதவிலக்குக் கோளாறுகள்,சுவாசக் கோளாறுகள்,கருப்பை கோளாறுகள்,கணையக் கோளாறுகள்,வாயுக் கோளாறுகள்,மாரடைப்பு கோளாறுகள்,,,,,,,,,,,,,,,,
தோல் பிரச்னை,பல் பிரச்னைகள்,,,,,,,,,,,,,,,,,,,,,,,,,,,,,,,,,,,
கால் பிடிப்புகள்,மனநலப் பாதிப்புகள்,கண் பாதிப்புகள்,புண் வெடிப்புகள்,கை பிடிப்புகள்,கால் பிடிப்பு,பல் பாதிப்புகள்,கல்லீரல் பாதிப்புகள்,நலப் பாதிப்புகள்,,,,,,,,,,,,,,,,,,,,,,,,,,,,
குடித்துவந்தால் பிரச்னைகள்,,,,,,,,,,,,,,,,,,,,,,,,,,,,,,,,,,,,
வாய் நாற்றம்,நாற்றம் நாற்றம்,வாய் பற்கள்,வியர்வை நாற்றம்,,,,,,,,,,,,,,,,,,,,,,,,,,,,,,,,,
மூச்சிரைப்பு,மூக்கடைப்பு,,,,,,,,,,,,,,,,,,,,,,,,,,,,,,,,,,,
சுத்தம் ஆகம்,,,,,,,,,,,,,,,,,,,,,,,,,,,,,,,,,,,,
வயிற்றுப் புண்,வயிற்றுப் புண்கள்,வயிறு உப்புசம்,வாய்ப் புண்,வயிற்றுப்புண்,வயிற்று உப்புசம்,வயிற்றுப்போக்கும்,வயிற்றுப் புழுக்கள்,,,,,,,,,,,,,,,,,,,,,,,,,,,,,
சிரங்கு நோய்களைத்,சிரங்கு நோய்கள்,,,,,,,,,,,,,,,,,,,,,,,,,,,,,,,,,,,
வாந்தி மயக்கம்,வாந்தி நோய்கள்,பித்தம் மயக்கம்,,,,,,,,,,,,,,,,,,,,,,,,,,,,,,,,,,
வீக்கம் நிவாரணம்,வீக்கம் அஜீரணம்,வீக்கம் குணம்,வீக்கம் வீக்கம்,வீக்கம் பருமன்,,,,,,,,,,,,,,,,,,,,,,,,,,,,,,,,
சிரங்கு நோய்கள்,அருகம் நோய்கள்,வலிகள் நோய்கள்,சொறி சிரங்குகள்,புண்கள் நோய்கள்,உதட்டு நோய்கள்,நரம்பு நோய்கள்,சிரங்கு நோய்களைத்,பித்தம் நோய்கள்,அஜீரணக் நோய்கள்,இரைப்பு நோய்கள்,தவளைச் நோய்கள்,நோய்கள் நோய்கள்,தொற்று நோய்கள்,கருப்பை நோய்கள்,மறைப்பு நோய்கள்,சரும நோய்கள்,காது நோய்கள்,வயிறு நோய்கள்,சொரி நோய்கள்,குடல் நோய்கள்,தைராய்டு நோய்கள்,நீரழிவு நோய்கள்,இருமல் நோய்கள்,சிறுநீரக நோய்கள்,சளி நோய்கள்,சொரி சிரங்குகள்,வலிப்பு நோய்கள்,பார்வை நோய்கள்,கடுப்பு நோய்கள்,,,,,,,
கண்கள் குளிர்ச்சி,உள்நாக்கு வளர்ச்சி,,,,,,,,,,,,,,,,,,,,,,,,,,,,,,,,,,,
சர்க்கீரை பலவீனம்,சர்க்கீரை நோயும்,,,,,,,,,,,,,,,,,,,,,,,,,,,,,,,,,,,
நீரிழிவு நோய்,நீரிழிவு நோயைக்,நீரழிவு நோய்,நீரழிவு நோய்கள்,,,,,,,,,,,,,,,,,,,,,,,,,,,,,,,,,
மார்பக வீக்கம்,மண்ணீரல் வீக்கம்,வீக்கம் வீக்கம்,பலவீனம் வீக்கம்,பற்றுப் வீக்கம்,நாள்பட்ட வீக்கம்,மூட்டு வீக்கம்,,,,,,,,,,,,,,,,,,,,,,,,,,,,,,
நோய்கள் அழுத்தம்,மயக்கம் அழுத்தம்,சுற்றல் அழுத்தம்,,,,,,,,,,,,,,,,,,,,,,,,,,,,,,,,,,
பலம்,,,,,,,,,,,,,,,,,,,,,,,,,,,,,,,,,,,,
மூட்டு வலிகள்,நரம்பு வலிகள்,மூட்டு வாதம்,மூட்டு வலியும்,இடுப்பு வலிகள்,உடல் வலிகள்,மூட்டு வீக்கம்,,,,,,,,,,,,,,,,,,,,,,,,,,,,,,
வீக்கம் பருமன்,வீக்கம் அஜீரணம்,வீக்கம் நிவாரணம்,வீக்கம் குணம்,வீக்கம் வீக்கம்,,,,,,,,,,,,,,,,,,,,,,,,,,,,,,,,
எரிச்சல் சிறுநீர்,மலச்சிக்கல் சிறுநீர்,சர்க்கீரை சிறுநீர்,,,,,,,,,,,,,,,,,,,,,,,,,,,,,,,,,,
கல்லீரல் மண்ணீரல்,,,,,,,,,,,,,,,,,,,,,,,,,,,,,,,,,,,,
மூட்டு வீக்கம்,வீக்கம் வீக்கம்,மார்பக வீக்கம்,மூட்டு வாதம்,மூட்டு வலியும்,பற்றுப் வீக்கம்,மூட்டு வலிகள்,நாள்பட்ட வீக்கம்,,,,,,,,,,,,,,,,,,,,,,,,,,,,,
வயிற்றுப் பிரச்னைகள்,வயிற்றுப் புண்கள்,பல் பிரச்னைகள்,வயிறு பிரச்னைகள்,சுவையின்மைப் பிரச்னை,வயிற்றுப் பூச்சிகள்,வயிற்றுப்போக்கும்,வயிற்றுப் புழுக்கள்,வாயுப் பிரச்னைகள்,வயிற்றில் புழுக்கள்,,,,,,,,,,,,,,,,,,,,,,,,,,,
காசநோய்,,,,,,,,,,,,,,,,,,,,,,,,,,,,,,,,,,,,
நாள்பட்ட விக்கல்,நாள்பட்ட மலச்சிக்கல்,நாள்பட்ட இருமல்,நாள்பட்ட புண்கள்,நாள்பட்ட தலைவலி,நாள்பட்ட வீக்கம்,,,,,,,,,,,,,,,,,,,,,,,,,,,,,,,
பற்றுப் தலைவலி,நாள்பட்ட தலைவலி,,,,,,,,,,,,,,,,,,,,,,,,,,,,,,,,,,,
தன்றால் வலி,தடவினால் வலி,,,,,,,,,,,,,,,,,,,,,,,,,,,,,,,,,,,
உடல் அழகு,உடல் சூடு,,,,,,,,,,,,,,,,,,,,,,,,,,,,,,,,,,,
பேதி நோய்கள்,கண் நோய்கள்,கப நோய்கள்,இதய நோய்கள்,வலி நோய்கள்,பித்தம் நோய்கள்,உஷ்ண நோய்கள்,மேகம் நோய்கள்,படை நோய்களைத்,வாத நோய்கள்,காச நோய்கள்,ஆன நோய்கள்,கபநோய்கள்,சரும நோய்கள்,வாந்தி நோய்கள்,வயிறு நோய்கள்,சொரி நோய்கள்,படை நோய்கள்,சளி நோய்கள்,பல் நோய்கள்,தோல் நோய்கள்,புண் நோய்கள்,,,,,,,,,,,,,,,
சவி இருமல்,சீத இருமல்,சளி இருமல்,,,,,,,,,,,,,,,,,,,,,,,,,,,,,,,,,,
இரைப்பு இருமல்,தொண்டைப் இருமல்,,,,,,,,,,,,,,,,,,,,,,,,,,,,,,,,,,,
ரத்தப்போக்கு,,,,,,,,,,,,,,,,,,,,,,,,,,,,,,,,,,,,
சீத பேதி,சீதபேதி,ரத்த பேதி,,,,,,,,,,,,,,,,,,,,,,,,,,,,,,,,,,
கொழுப்பு கீரைய்,,,,,,,,,,,,,,,,,,,,,,,,,,,,,,,,,,,,
காக்காய் வலிப்பு,,,,,,,,,,,,,,,,,,,,,,,,,,,,,,,,,,,,
சாப்பிட்டுவந்தால் பித்தம்,சாப்பிட்டுவந்தால் குழந்தைப்பேறு,சாப்பிட்டுவந்தால் குணம்,சாப்பிட்டுவந்தால் பசி,சாப்பிட்டுவந்தால் மலட்டுத்தன்மை,,,,,,,,,,,,,,,,,,,,,,,,,,,,,,,,
தீரும் சிறுநீர்,நோய் சிறுநீர்,குறையும் சிறுநீர்,,,,,,,,,,,,,,,,,,,,,,,,,,,,,,,,,,
வெள்ளைப்படுதல் பிரச்னை,வெள்ளைப்படுதல் பிரச்னையும்,,,,,,,,,,,,,,,,,,,,,,,,,,,,,,,,,,,
மாம்பழத்தை,,,,,,,,,,,,,,,,,,,,,,,,,,,,,,,,,,,,
குரல் வளம்,குரல் வளமை,,,,,,,,,,,,,,,,,,,,,,,,,,,,,,,,,,,
தவளைச் நோய்கள்,தோல் நோய்களைத்,வலிகள் நோய்கள்,தொண்டை நோய்கள்,தொற்று நோய்கள்,புண்கள் நோய்கள்,தடவினால் நோய்கள்,வாந்தி நோய்கள்,பித்தம் நோய்கள்,இரைப்பு நோய்கள்,தைராய்டு நோய்கள்,மறைப்பு நோய்கள்,உதட்டு நோய்கள்,நோய்கள் நோய்கள்,வலிப்பு நோய்கள்,பார்வை நோய்கள்,தோல் நோய்கள்,சிரங்கு நோய்கள்,,,,,,,,,,,,,,,,,,,
விந்தில் உயிரணுக்கள்,,,,,,,,,,,,,,,,,,,,,,,,,,,,,,,,,,,,
குடல் புண்ணும்,குடல் புழுக்கள்,குடல் புண்,,,,,,,,,,,,,,,,,,,,,,,,,,,,,,,,,,
புண்கள் நோய்கள்,அருகம் நோய்கள்,வலிகள் நோய்கள்,கண் நோய்கள்,நரம்பு நோய்கள்,புண்கள் குணம்,சிரங்கு நோய்கள்,தொண்டை நோய்கள்,பித்தம் நோய்கள்,அஜீரணக் நோய்கள்,இரைப்பு நோய்கள்,தவளைச் நோய்கள்,மேகம் நோய்கள்,அழுத்தம் நோய்கள்,கரப்பான் நோய்கள்,நோய்கள் நோய்கள்,கடுப்பு நோய்கள்,கருப்பை நோய்கள்,மறைப்பு நோய்கள்,புண்கள் புண்கள்,குடல் நோய்கள்,மண்ணீரல் நோய்கள்,இருமல் நோய்கள்,பல் நோய்கள்,வலிப்பு நோய்கள்,பார்வை நோய்கள்,பக்கவாதம் நோய்கள்,புண் நோய்கள்,,,,,,,,,
உடல் பருமன்,,,,,,,,,,,,,,,,,,,,,,,,,,,,,,,,,,,,
மூச்சிரைப்பு குண,மூச்சிரைப்பு ஆஸ்துமா,மூச்சிரைப்பு,,,,,,,,,,,,,,,,,,,,,,,,,,,,,,,,,,
தொல்லை அஜீரணக்,,,,,,,,,,,,,,,,,,,,,,,,,,,,,,,,,,,,
நரம்பு நோய்கள்,அருகம் நோய்கள்,புண்கள் நோய்கள்,உதட்டு நோய்கள்,சிரங்கு நோய்கள்,பித்தம் நோய்கள்,அஜீரணக் நோய்கள்,இரைப்பு நோய்கள்,மேகம் நோய்கள்,நோய்கள் நோய்கள்,கரப்பான் நோய்கள்,கடுப்பு நோய்கள்,தொற்று நோய்கள்,கருப்பை நோய்கள்,மறைப்பு நோய்கள்,சரும நோய்கள்,வாந்தி நோய்கள்,நாள்பட்ட நோய்கள்,தைராய்டு நோய்கள்,நரம்பு வலிகள்,கரும்படை நோய்கள்,நீரழிவு நோய்கள்,இருமல் நோய்கள்,வலிப்பு நோய்கள்,பார்வை நோய்கள்,புண் நோய்கள்,,,,,,,,,,,
கை நடுக்கம்,கால் நடுக்கம்,,,,,,,,,,,,,,,,,,,,,,,,,,,,,,,,,,,
உடல் உஷ்ணம்,,,,,,,,,,,,,,,,,,,,,,,,,,,,,,,,,,,,
சாப்பிட்டுவந்தால் பசி,சாப்பிட்டுவந்தால் பித்தம்,சாப்பிட்டுவந்தால் குணம்,,,,,,,,,,,,,,,,,,,,,,,,,,,,,,,,,,
உடல் அசதியும்,உடல் அசதி,,,,,,,,,,,,,,,,,,,,,,,,,,,,,,,,,,,
தடவினால் புண்கள்,தடவினால் விக்கல்,குடல் புண்கள்,தடவினால் நோய்கள்,தடவினால் கட்டிகள்,தடவினால் வீக்கம்,தடவினால் ரணம்,தடவினால் குணம்,தாமரைப் புண்கள்,,,,,,,,,,,,,,,,,,,,,,,,,,,,
வலி அரிப்பு,உடல் அரிப்பு,கண் அரிப்பு,,,,,,,,,,,,,,,,,,,,,,,,,,,,,,,,,,
கண் பார்வைக்,கண் பிரகாசம்,கண் பார்வை,கண்பார்வை,,,,,,,,,,,,,,,,,,,,,,,,,,,,,,,,,
பற்றுப் வீக்கம்,கர்ப்பப்பை வீக்கம்,வீக்கம் வீக்கம்,பலவீனம் வீக்கம்,மார்பக வீக்கம்,நாள்பட்ட வீக்கம்,மூட்டு வீக்கம்,,,,,,,,,,,,,,,,,,,,,,,,,,,,,,
இனம் நோய்,சைனஸ் நோய்,ரத்த நோய்,கண் நோய்,,,,,,,,,,,,,,,,,,,,,,,,,,,,,,,,,
சளி கோளாறுகள்,ரசம் கோளாறுகளை,பை கோளாறுகள்,பூச்சிக் கோளாறுகள்,வாதக் கோளாறுகள்,குடல் கோளாறுகள்,கோளாறுகள்,,,,,,,,,,,,,,,,,,,,,,,,,,,,,,
காச நோய்கள்,காச நோய்,கண் நோய்கள்,கப நோய்கள்,இதய நோய்கள்,வலி நோய்கள்,காமாலை நோய்கள்,உஷ்ண நோய்கள்,மேகம் நோய்கள்,வாத நோய்கள்,ஆன நோய்கள்,கபநோய்கள்,பேதி நோய்கள்,சரும நோய்கள்,சொரி நோய்கள்,குடல் நோய்கள்,படை நோய்கள்,சளி நோய்கள்,பல் நோய்கள்,தோல் நோய்கள்,புண் நோய்கள்,,,,,,,,,,,,,,,,
தொழுநோய் குண,வாதநோய் குண,,,,,,,,,,,,,,,,,,,,,,,,,,,,,,,,,,,
தடவினால் தலைவலி,தலைபாரம் தலைவலி,தடவினால் விஷம்,தடவினால் வலி,,,,,,,,,,,,,,,,,,,,,,,,,,,,,,,,,
வடிவது,கசிவது,,,,,,,,,,,,,,,,,,,,,,,,,,,,,,,,,,,
நோய் ஜலதோஷம்,நோய் பலவீனம்,,,,,,,,,,,,,,,,,,,,,,,,,,,,,,,,,,,
கண்பார்வை,கண் பார்வை,,,,,,,,,,,,,,,,,,,,,,,,,,,,,,,,,,,
வாந்தி நோய்கள்,வயிறு நோய்கள்,வாந்தி மயக்கம்,வாத நோய்கள்,வலிகள் நோய்கள்,பித்தம் நோய்கள்,வலி நோய்கள்,வலிப்பு நோய்கள்,தடவினால் நோய்கள்,நீரழிவு நோய்கள்,பேதி நோய்கள்,பால்வினை நோய்கள்,நரம்பு நோய்கள்,நோய்கள் நோய்கள்,வாந்தி விக்கல்,பார்வை நோய்கள்,காது நோய்கள்,தவளைச் நோய்கள்,,,,,,,,,,,,,,,,,,,
மூக்கடைப்பு,மூலக் கடுப்பு,மூச்சிரைப்பு,சளி மூக்கடைப்பு,,,,,,,,,,,,,,,,,,,,,,,,,,,,,,,,,
சொரி நோய்கள்,வயிறு நோய்கள்,வாத நோய்கள்,இதய நோய்கள்,காச நோய்கள்,படை நோய்கள்,வலி நோய்கள்,ஆன நோய்கள்,நீரழிவு நோய்கள்,கண் நோய்கள்,உஷ்ண நோய்கள்,சளி நோய்கள்,பேதி நோய்கள்,கப நோய்கள்,பல் நோய்கள்,சரும நோய்கள்,தோல் நோய்கள்,சிரங்கு நோய்கள்,புண் நோய்கள்,,,,,,,,,,,,,,,,,,
நோய் நீரழிவு,,,,,,,,,,,,,,,,,,,,,,,,,,,,,,,,,,,,
பூ பாதிப்பு,பல் பாதிப்புகள்,,,,,,,,,,,,,,,,,,,,,,,,,,,,,,,,,,,
கண் நோய்,ரத்த நோய்,இனம் நோய்,குஷ்ட நோய்,கண் நோய்கள்,,,,,,,,,,,,,,,,,,,,,,,,,,,,,,,,
முகம் பொலிவு,,,,,,,,,,,,,,,,,,,,,,,,,,,,,,,,,,,,
கண் பிரகாசம்,கண் பார்வைக்,,,,,,,,,,,,,,,,,,,,,,,,,,,,,,,,,,,
கழுவினால் வீக்கம்,தடவினால் விக்கல்,கால் வீக்கம்,தடவினால் வீக்கம்,,,,,,,,,,,,,,,,,,,,,,,,,,,,,,,,,
கரும்படை நோய்கள்,அருகம் நோய்கள்,கீரையுடன் நோய்கள்,நரம்பு நோய்கள்,தொண்டை நோய்கள்,காமாலை நோய்கள்,இரைப்பு நோய்கள்,மேகம் நோய்கள்,படை நோய்களைத்,கரப்பான் நோய்கள்,அழுத்தம் நோய்கள்,கருப்பை நோய்கள்,மறைப்பு நோய்கள்,சரும நோய்கள்,நாள்பட்ட நோய்கள்,குடல் நோய்கள்,படை நோய்கள்,தைராய்டு நோய்கள்,கல்லீரல் நோய்கள்,இருமல் நோய்கள்,பார்வை நோய்கள்,கடுப்பு நோய்கள்,,,,,,,,,,,,,,,
தூக்கம் அழுத்தம்,மயக்கம் அழுத்தம்,நோய்கள் அழுத்தம்,இன்மை அழுத்தம்,சுற்றல் அழுத்தம்,,,,,,,,,,,,,,,,,,,,,,,,,,,,,,,,
கரப்பான் புழுக்கள்,குடல் புழுக்கள்,கஇிரந்திப் புண்கள்,மலப் புழுக்கள்,கரப்பான் நோய்கள்,தீரும் புழுக்கள்,வயிற்றுப் புழுக்கள்,,,,,,,,,,,,,,,,,,,,,,,,,,,,,,
தடவினால் குணம்,தடவினால் விக்கல்,தடவினால் நோய்கள்,தடவினால் புண்கள்,தடவினால் விஷம்,தடவினால் வீக்கம்,தடவினால் ரணம்,,,,,,,,,,,,,,,,,,,,,,,,,,,,,,
கழிச்சல் நோயும்,கழிச்சல் கடுப்பு,,,,,,,,,,,,,,,,,,,,,,,,,,,,,,,,,,,
எரிச்சல் நீர்,எரிச்சல் கபம்,கழிச்சல் நோய்,எரிச்சல் சிறுநீர்,,,,,,,,,,,,,,,,,,,,,,,,,,,,,,,,,
கண் வலி,குடல் வலி,பல் வலி,,,,,,,,,,,,,,,,,,,,,,,,,,,,,,,,,,
கீரையுடன் நோய்கள்,குடல் நோய்கள்,நுரையீரல் நோய்கள்,கருப்பை நோய்கள்,கல்லீரல் நோய்கள்,கரும்படை நோய்கள்,அரைத்துச் நோய்கள்,,,,,,,,,,,,,,,,,,,,,,,,,,,,,,
வேதனை வலி,தலை வலி,,,,,,,,,,,,,,,,,,,,,,,,,,,,,,,,,,,
உதட்டு நோய்கள்,நரம்பு நோய்கள்,சிரங்கு நோய்கள்,தொண்டை நோய்கள்,பித்தம் நோய்கள்,இரைப்பு நோய்கள்,உஷ்ண நோய்கள்,மார்பு நோய்கள்,கடுப்பு நோய்கள்,தொற்று நோய்கள்,தடவினால் நோய்கள்,மறைப்பு நோய்கள்,காது நோய்கள்,நாள்பட்ட நோய்கள்,தோல் நோய்களைத்,குடல் நோய்கள்,தைராய்டு நோய்கள்,வலிப்பு நோய்கள்,தோல் நோய்கள்,தவளைச் நோய்கள்,,,,,,,,,,,,,,,,,
வயிற்றுக் கோளாறுகள்,வயிற்றுப் புண்கள்,நரம்புக் கோளாறுகள்,சுவாசக் கோளாறுகள்,கருப்பைக் கோளாறுகள்,தைராய்டு கோளாறுகள்,பூச்சிக் கோளாறுகள்,வாதக் கோளாறுகள்,வாயுக்கோளாறுகள்,கணையக் கோளாறுகள்,வயிற்றுக் கடுப்பு,வாயுக் கோளாறுகள்,வயிற்றுப் புழுக்கள்,,,,,,,,,,,,,,,,,,,,,,,,
வலி நோய்,வலி நோய்கள்,வாத நோய்,,,,,,,,,,,,,,,,,,,,,,,,,,,,,,,,,,
மெலிதல் நோய்,,,,,,,,,,,,,,,,,,,,,,,,,,,,,,,,,,,,
குறையும் சிறுநீர்,,,,,,,,,,,,,,,,,,,,,,,,,,,,,,,,,,,,
கல்லீரல் புண்கள்,கல்லீரல் விக்கம்,குடல் புண்கள்,கல்லீரல் நோய்கள்,கல்லீரல் பாதிப்புகள்,காய்ச்சி புண்கள்,கராம் புண்கள்,கல்லீரல் வீக்கம்,கல்லீரல் மண்ணீரல்,,,,,,,,,,,,,,,,,,,,,,,,,,,,
வலி,,,,,,,,,,,,,,,,,,,,,,,,,,,,,,,,,,,,
அஜீரணக் குறைபாடு,நீர் குறைபாடுகள்,ரத்தக் குறைபாடுகள்,ஆண்மைக் குறைபாடும்,,,,,,,,,,,,,,,,,,,,,,,,,,,,,,,,,
சுவையின்மை நீங்கி,,,,,,,,,,,,,,,,,,,,,,,,,,,,,,,,,,,,
ஆண்மைக் குறைவு,ஆண்மைக் குறைபாடுகள்,ஆண்மைக் குறைவும்,ஆண்மைக் குறைபாடும்,,,,,,,,,,,,,,,,,,,,,,,,,,,,,,,,,
சைனஸ் நீரிழிவு,,,,,,,,,,,,,,,,,,,,,,,,,,,,,,,,,,,,
மலச்சிக்கல் சிறுநீர்,எரிச்சல் சிறுநீர்,சர்க்கீரை சிறுநீர்,,,,,,,,,,,,,,,,,,,,,,,,,,,,,,,,,,
சிறுநீர் எரிச்சல்,வயிறு எரிச்சல்,,,,,,,,,,,,,,,,,,,,,,,,,,,,,,,,,,,
சாப்பிட் பருமன்,,,,,,,,,,,,,,,,,,,,,,,,,,,,,,,,,,,,
சளி,,,,,,,,,,,,,,,,,,,,,,,,,,,,,,,,,,,,
தாய்ப்பால்,,,,,,,,,,,,,,,,,,,,,,,,,,,,,,,,,,,,
ருசியின்மை பாகிப்பும்,ருசியின்மை குறைபாடு,,,,,,,,,,,,,,,,,,,,,,,,,,,,,,,,,,,
தடவினால் வீக்கம்,பலவீனம் வீக்கம்,தடவினால் நோய்கள்,தடவினால் விஷம்,தடவினால் புண்கள்,கழுவினால் வீக்கம்,தடவினால் கட்டிகள்,தடவினால் ரணம்,தடவினால் குணம்,கால் வீக்கம்,,,,,,,,,,,,,,,,,,,,,,,,,,,
அரைத்துச் நோய்கள்,கீரையுடன் நோய்கள்,இரைப்பு நோய்கள்,பித்தம் நோய்கள்,அழுத்தம் நோய்கள்,,,,,,,,,,,,,,,,,,,,,,,,,,,,,,,,
பிடிப்பு வலி,கை பிடிப்பு,பிடிப்பு ஆகியவை,பிடரி வலி,,,,,,,,,,,,,,,,,,,,,,,,,,,,,,,,,
வீக்கம் அஜீரணம்,வீக்கம் குணம்,வீக்கம் வீக்கம்,வீக்கம் வலியும்,வீக்கம் பருமன்,வீக்கம் நிவாரணம்,,,,,,,,,,,,,,,,,,,,,,,,,,,,,,,
ரத்த பேதி,சீத பேதி,,,,,,,,,,,,,,,,,,,,,,,,,,,,,,,,,,,
ஒற்றைத் வலி,,,,,,,,,,,,,,,,,,,,,,,,,,,,,,,,,,,,
கண் அரிப்பு,உடல் அரிப்பு,வலி அரிப்பு,,,,,,,,,,,,,,,,,,,,,,,,,,,,,,,,,,
குடல் நோய்கள்,அருகம் நோய்கள்,கீரையுடன் நோய்கள்,வலிகள் நோய்கள்,புண்கள் நோய்கள்,எடை நோய்களைக்,குடல் கோளாறுகள்,கண் நோய்கள்,உதட்டு நோய்கள்,கப நோய்கள்,புண் நோய்கள்,வலி நோய்கள்,சிரங்கு நோய்கள்,அஜீரணக் நோய்கள்,குடல் புழுக்கள்,காமாலை நோய்கள்,உஷ்ண நோய்கள்,மேகம் நோய்கள்,படை நோய்களைத்,நோய்கள் நோய்கள்,குடல் பூச்சிகள்,குடல் புண்கள்,கருப்பை நோய்கள்,தடவினால் நோய்கள்,காச நோய்கள்,சரும நோய்கள்,காது நோய்கள்,வயிறு நோய்கள்,தோல் நோய்களைத்,படை நோய்கள்,கல்லீரல் நோய்கள்,கரும்படை நோய்கள்,இருமல் நோய்கள்,பல் நோய்கள்,வலிப்பு நோய்கள்,தோல் நோய்கள்,கடுப்பு நோய்கள்
நீரழிவு நோய்கள்,அருகம் நோய்கள்,வயிறு நோய்கள்,சொரி நோய்கள்,வாந்தி நோய்கள்,நீரிழிவு நோய்,கருப்பை நோய்கள்,அஜீரணக் நோய்கள்,நீரிழிவு நோயைக்,நீரழிவு நோய்,இரைப்பு நோய்கள்,இருமல் நோய்கள்,சிறுநீரக நோய்கள்,நரம்பு நோய்கள்,பார்வை நோய்கள்,வலிப்பு நோய்கள்,சரும நோய்கள்,சிரங்கு நோய்கள்,,,,,,,,,,,,,,,,,,,
கடுப்பு ஆகியவை,பிடிப்பு ஆகியவை,,,,,,,,,,,,,,,,,,,,,,,,,,,,,,,,,,,
நீர்க்கட்டு,,,,,,,,,,,,,,,,,,,,,,,,,,,,,,,,,,,,
உடல் வலி,டால் வலி,குடல் வலி,உடல் அசதி,பல் வலி,உடல் வலிகள்,,,,,,,,,,,,,,,,,,,,,,,,,,,,,,,
மயக்கம் அழுத்தம்,சுற்றல் அழுத்தம்,நோய்கள் அழுத்தம்,தூக்கம் அழுத்தம்,,,,,,,,,,,,,,,,,,,,,,,,,,,,,,,,,
மனநலப் பாதிப்புகள்,கண் பாதிப்புகள்,கால் பிடிப்புகள்,மன பாதிப்புகள்,பல் பாதிப்புகள்,ஆன பாதிப்புகள்,கல்லீரல் பாதிப்புகள்,,,,,,,,,,,,,,,,,,,,,,,,,,,,,,
காய்ச்சல் வலிப்பு,காய்ச்சல் விக்கல்,காக்காய் வலிப்பு,,,,,,,,,,,,,,,,,,,,,,,,,,,,,,,,,,
எலிக்கடி விஷம்,எருக்கம் விஷம்,,,,,,,,,,,,,,,,,,,,,,,,,,,,,,,,,,,
சதை குறைபாடுகள்,ஈறு குறைபாடுகள்,குறைபாடுகள்,அடைப்பு குறைபாடுகள்,வடிதல் குறைபாடுகள்,ஆண்மைக் குறைபாடுகள்,கசிவு குறைபாடுகள்,ரத்தம் குறைபாடுகள்,நீர் குறைபாடுகள்,ரத்தக் குறைபாடுகள்,,,,,,,,,,,,,,,,,,,,,,,,,,,
வயிற்றுக் கடுப்பு,வயிற்றுக் கோளாறுகள்,வயிற்றுப்போக்கும்,ஆசனவாய்க் கடுப்பு,,,,,,,,,,,,,,,,,,,,,,,,,,,,,,,,,
பிடரி வலி,,,,,,,,,,,,,,,,,,,,,,,,,,,,,,,,,,,,
மார்ச் சளி,,,,,,,,,,,,,,,,,,,,,,,,,,,,,,,,,,,,
வாய்ப்புண்,வாய்ப் புண்,வாய்ப்புண் வாய்,தாய்ப்பால்,,,,,,,,,,,,,,,,,,,,,,,,,,,,,,,,,
கர்ப்பம்,,,,,,,,,,,,,,,,,,,,,,,,,,,,,,,,,,,,
பித்தம் நோய்கள்,அருகம் நோய்கள்,வலிகள் நோய்கள்,புண்கள் நோய்கள்,உதட்டு நோய்கள்,நரம்பு நோய்கள்,சிரங்கு நோய்கள்,தொண்டை நோய்கள்,இரைப்பு நோய்கள்,தவளைச் நோய்கள்,மேகம் நோய்கள்,அழுத்தம் நோய்கள்,கரப்பான் நோய்கள்,நோய்கள் நோய்கள்,மார்பு நோய்கள்,கடுப்பு நோய்கள்,பித்தம் மயக்கம்,தொற்று நோய்கள்,கருப்பை நோய்கள்,மறைப்பு நோய்கள்,பேதி நோய்கள்,அரைத்துச் நோய்கள்,வாந்தி நோய்கள்,தோல் நோய்களைத்,இருமல் நோய்கள்,பல் நோய்கள்,வலிப்பு நோய்கள்,பார்வை நோய்கள்,தோல் நோய்கள்,பக்கவாதம் நோய்கள்,புண் நோய்கள்,,,,,,
புண் வெடிப்புகள்,பித்த வெடிப்புகள்,பல் பாதிப்புகள்,கண் பாதிப்புகள்,கால் பிடிப்புகள்,,,,,,,,,,,,,,,,,,,,,,,,,,,,,,,,
நீரழிவு நோய்,நீரிழிவு நோயைக்,நீரழிவு நோய்கள்,நீரிழிவு நோய்,,,,,,,,,,,,,,,,,,,,,,,,,,,,,,,,,
ரத்த நோய்,ரத்த சோகை,கண் நோய்,அழுத்த நோய்,இனம் நோய்,வாத நோய்,,,,,,,,,,,,,,,,,,,,,,,,,,,,,,,
வாதக் கோளாறுகள்,ஆன கோளாறுகள்,சளி கோளாறுகள்,நரம்புக் கோளாறுகள்,அஜீரணக் கோளாறுகள்,சுவாசக் கோளாறுகள்,கருப்பை கோளாறுகள்,ரசம் கோளாறுகளை,தைராய்டு கோளாறுகள்,பூச்சிக் கோளாறுகள்,பை கோளாறுகள்,வாயுக்கோளாறுகள்,குடல் கோளாறுகள்,கணையக் கோளாறுகள்,மனநலக் கோளாறுகள்,வயிற்றுக் கோளாறுகள்,வாயுக் கோளாறுகள்,கல்லீரல் கோளாறுகள்,ஜீரணக் கோளாறுகள்,,,,,,,,,,,,,,,,,,
இதய வீக்கம்,ஈறு வீக்கம்,விரை வீக்கம்,வலி வீக்கம்,தசை விக்கம்,கை வீக்கம்,,,,,,,,,,,,,,,,,,,,,,,,,,,,,,,
டால் மலச்சிக்கல்,மில்லி மலச்சிக்கல்,மலச்சிக்கல்,நாள்பட்ட மலச்சிக்கல்,,,,,,,,,,,,,,,,,,,,,,,,,,,,,,,,,
பல் பாதிப்புகள்,பல் பிரச்னைகள்,பூ பாதிப்பு,மனநலப் பாதிப்புகள்,கண் பாதிப்புகள்,கால் பிடிப்புகள்,புண் வெடிப்புகள்,கை பிடிப்புகள்,மன பாதிப்புகள்,ஆன பாதிப்புகள்,கல்லீரல் பாதிப்புகள்,,,,,,,,,,,,,,,,,,,,,,,,,,
நாள்பட்ட புண்கள்,நாள்பட்ட இருமல்,நாள்பட்ட விக்கல்,கஇிரந்திப் புண்கள்,காய்ச்சி புண்கள்,நாள்பட்ட வீக்கம்,தாமரைப் புண்கள்,,,,,,,,,,,,,,,,,,,,,,,,,,,,,,
பல் வலி,உடல் வலி,புண் வலி,டால் வலி,குடல் வலி,தலை வலி,கண் வலி,,,,,,,,,,,,,,,,,,,,,,,,,,,,,,
இடுப்பு வலிகள்,இடுப்பு வாதம்,நரம்பு வலிகள்,மூட்டு வலிகள்,கடுப்பு நோய்கள்,,,,,,,,,,,,,,,,,,,,,,,,,,,,,,,,
கழிச்சல்,காய்ச்சல்,,,,,,,,,,,,,,,,,,,,,,,,,,,,,,,,,,,
ரத்தக்கொதிப்பு காமாலை,,,,,,,,,,,,,,,,,,,,,,,,,,,,,,,,,,,,
ஆண்மைக் குறைபாடும்,அஜீரணக் குறைபாடு,ஆண்மைக் குறைவு,ஆண்மைக் குறைபாடுகள்,ரத்தம் குறைபாடுகள்,ஆண்மைக் குறைவும்,பார்வைக் குறைபாடுகள்,ரத்தக் குறைபாடுகள்,,,,,,,,,,,,,,,,,,,,,,,,,,,,,
கல் நீர்,,,,,,,,,,,,,,,,,,,,,,,,,,,,,,,,,,,,
நீர் போன்றவைய்,நீர்க் போன்றவைய்,,,,,,,,,,,,,,,,,,,,,,,,,,,,,,,,,,,
கண் பார்வை,கண்பார்வை,,,,,,,,,,,,,,,,,,,,,,,,,,,,,,,,,,,
கழிச்சல் நோய்,எரிச்சல் நீர்,,,,,,,,,,,,,,,,,,,,,,,,,,,,,,,,,,,
சளி இருமல்,சவி இருமல்,சீத இருமல்,,,,,,,,,,,,,,,,,,,,,,,,,,,,,,,,,,
தோல் நோய்களைத்,வலிகள் நோய்கள்,தொண்டை நோய்கள்,தொற்று நோய்கள்,குடல் நோய்கள்,தடவினால் நோய்கள்,பித்தம் நோய்கள்,தவளைச் நோய்கள்,உதட்டு நோய்கள்,இருமல் நோய்கள்,படை நோய்களைத்,நோய்கள் நோய்கள்,வலிப்பு நோய்கள்,தோல் நோய்கள்,பல் நோய்கள்,,,,,,,,,,,,,,,,,,,,,,
கை பிடிப்புகள்,குறைவு பாிப்புகள்,கண் பாதிப்புகள்,கால் பிடிப்புகள்,மன பாதிப்புகள்,பல் பாதிப்புகள்,ஆன பாதிப்புகள்,கை பிடிப்பு,தசைப் பிடிப்பு,,,,,,,,,,,,,,,,,,,,,,,,,,,,
சுவையின்மைப் பிரச்னை,பசியின்மை பிரச்னை,வயிற்றுப் பிரச்னைகள்,௬ுசியின்மை பிரச்னை,,,,,,,,,,,,,,,,,,,,,,,,,,,,,,,,,
மூட்டு வலியும்,வீக்கம் வலியும்,மூட்டு வாதம்,மூட்டு வலி,மூட்டு வலிகள்,மூட்டு வீக்கம்,,,,,,,,,,,,,,,,,,,,,,,,,,,,,,,
கீரைய் பருமன்,,,,,,,,,,,,,,,,,,,,,,,,,,,,,,,,,,,,
தடவினால் கட்டிகள்,தடவினால் நோய்கள்,தடவினால் மூலக்கட்டிகள்,தடவினால் வீக்கம்,தடவினால் புண்கள்,,,,,,,,,,,,,,,,,,,,,,,,,,,,,,,,
அழுத்த நோய்,ரத்த நோய்,,,,,,,,,,,,,,,,,,,,,,,,,,,,,,,,,,,
சர்க்கீரை சிறுநீர்,சர்க்கீரை பலவீனம்,சர்க்கீரை நோயும்,மலச்சிக்கல் சிறுநீர்,சர்க்கீரை நோயைக்,எரிச்சல் சிறுநீர்,,,,,,,,,,,,,,,,,,,,,,,,,,,,,,,
கழலை புழுக்கள்,குடல் புழுக்கள்,,,,,,,,,,,,,,,,,,,,,,,,,,,,,,,,,,,
வயிற்றுப் புழுக்கள்,வயிற்றுப் பிரச்னைகள்,வயிற்றுப் புண்கள்,வயிற்றுக் கோளாறுகள்,வயிற்றுப் பூச்சிகள்,கரப்பான் புழுக்கள்,வயிற்றுப் புண்,வயிற்றுப்போக்கும்,வயிற்றில் புழுக்கள்,,,,,,,,,,,,,,,,,,,,,,,,,,,,
வாயுக் கோளாறுகள்,நரம்புக் கோளாறுகள்,அஜீரணக் கோளாறுகள்,சுவாசக் கோளாறுகள்,கருப்பை கோளாறுகள்,தைராய்டு கோளாறுகள்,கருப்பைக் கோளாறுகள்,பூச்சிக் கோளாறுகள்,வாதக் கோளாறுகள்,வாயுக்கோளாறுகள்,குடல் கோளாறுகள்,கணையக் கோளாறுகள்,மனநலக் கோளாறுகள்,வயிற்றுக் கோளாறுகள்,கல்லீரல் கோளாறுகள்,ஜீரணக் கோளாறுகள்,,,,,,,,,,,,,,,,,,,,,
வாய்ப்புண் வாய்,வாய்ப் புண்,,,,,,,,,,,,,,,,,,,,,,,,,,,,,,,,,,,
வயிறு ஆகம்,,,,,,,,,,,,,,,,,,,,,,,,,,,,,,,,,,,,
உடல் அரிப்பு,உடல் சோர்வு,கண் அரிப்பு,வலி அரிப்பு,,,,,,,,,,,,,,,,,,,,,,,,,,,,,,,,,
வயிறு பிரச்னைகள்,வயிற்றுப் பிரச்னைகள்,பல் பிரச்னைகள்,கண் பிரச்னைகள்,வாயுப் பிரச்னைகள்,,,,,,,,,,,,,,,,,,,,,,,,,,,,,,,,
அரிப்பும்,கர்ப்பம்,உப்புசம்,,,,,,,,,,,,,,,,,,,,,,,,,,,,,,,,,,
வாய்ப் புண்,காதுப் புண்,வாய்ப்புண் வாய்,வயிற்றுப் புண்,வாய்ப்புண்,,,,,,,,,,,,,,,,,,,,,,,,,,,,,,,,
எலும்பு பற்கள்,,,,,,,,,,,,,,,,,,,,,,,,,,,,,,,,,,,,
சிறுநீரகக்,சிறுநீர்,சிறுநீரக,,,,,,,,,,,,,,,,,,,,,,,,,,,,,,,,,,
வீக்கம் வீக்கம்,வீக்கம் குணம்,பலவீனம் வீக்கம்,மார்பக வீக்கம்,வீக்கம் நிவாரணம்,வீக்கம் வலியும்,பற்றுப் வீக்கம்,வீக்கம் பருமன்,வீக்கம் அஜீரணம்,வீக்கம் தீக்காயங்கள்,கல்லீரல் வீக்கம்,மூட்டு வீக்கம்,,,,,,,,,,,,,,,,,,,,,,,,,
உள்நாக்கு வளர்ச்சி,,,,,,,,,,,,,,,,,,,,,,,,,,,,,,,,,,,,
கால் நடுக்கம்,கை நடுக்கம்,,,,,,,,,,,,,,,,,,,,,,,,,,,,,,,,,,,
குடல் புழுக்கள்,குடல் கிருமிகள்,குடல் பூச்சிகள்,குடல் நோய்கள்,குடல் புண்கள்,குடல் கோளாறுகள்,மலப் புழுக்கள்,கரப்பான் புழுக்கள்,தீரும் புழுக்கள்,கழலை புழுக்கள்,குடல் புண்ணும்,,,,,,,,,,,,,,,,,,,,,,,,,,
குடல் புண்,டால் புண்கள்,குடல் புண்கள்,சரகம் புண்,காதுப் புண்,குடல்புண்,குடல் புண்ணும்,,,,,,,,,,,,,,,,,,,,,,,,,,,,,,
பித்த வெடிப்புகள்,,,,,,,,,,,,,,,,,,,,,,,,,,,,,,,,,,,,
வெள்ளைப்படுதல் பிரச்னையும்,,,,,,,,,,,,,,,,,,,,,,,,,,,,,,,,,,,,
பிடிப்பு ஆகியவை,கடுப்பு ஆகியவை,பிடிப்பு வலி,,,,,,,,,,,,,,,,,,,,,,,,,,,,,,,,,,
வாயு வலி,வாய்ப் வலி,காது வலி,,,,,,,,,,,,,,,,,,,,,,,,,,,,,,,,,,
தொண்டைப் புண்,தொண்டைப் இருமல்,,,,,,,,,,,,,,,,,,,,,,,,,,,,,,,,,,,
வலி விஷம்,கடி விஷம்,,,,,,,,,,,,,,,,,,,,,,,,,,,,,,,,,,,
குழந்தைப் பேறு,,,,,,,,,,,,,,,,,,,,,,,,,,,,,,,,,,,,
சுற்றல் அழுத்தம்,மயக்கம் அழுத்தம்,தூக்கம் அழுத்தம்,,,,,,,,,,,,,,,,,,,,,,,,,,,,,,,,,,
எரிச்சல் கபம்,எரிச்சல் நீர்,,,,,,,,,,,,,,,,,,,,,,,,,,,,,,,,,,,
அடைப்பு குறைபாடுகள்,ஈறு குறைபாடுகள்,வடிதல் குறைபாடுகள்,ஆண்மைக் குறைபாடுகள்,சதை குறைபாடுகள்,மாரடைப்பு கோளாறுகள்,கசிவு குறைபாடுகள்,ரத்தம் குறைபாடுகள்,நீர் குறைபாடுகள்,அரிப்பு குறைபாடுகள்,ரத்தக் குறைபாடுகள்,,,,,,,,,,,,,,,,,,,,,,,,,,
மூட்டு வாதம்,மூட்டு வீக்கம்,வாதம் வாதம்,குடல் வாதம்,மூட்டு வலியும்,நரம்பு வாதம்,மூட்டு வலிகள்,இடுப்பு வாதம்,மூட்டு வலி,,,,,,,,,,,,,,,,,,,,,,,,,,,,
கபநோய்கள்,காயங்கள்,நோய்கள்,காச நோய்கள்,படை நோய்கள்,ஆன நோய்கள்,கண் நோய்கள்,பேதி நோய்கள்,கப நோய்கள்,பல் நோய்கள்,புண் நோய்கள்,,,,,,,,,,,,,,,,,,,,,,,,,,
ஆன பாதிப்புகள்,மனநலப் பாதிப்புகள்,கை பிடிப்புகள்,கண் பாதிப்புகள்,மன பாதிப்புகள்,பல் பாதிப்புகள்,,,,,,,,,,,,,,,,,,,,,,,,,,,,,,,
வாய்ப் வெள்ளைப்படுத்தல்,புண் வெள்ளைப்படுத்தல்,,,,,,,,,,,,,,,,,,,,,,,,,,,,,,,,,,,
மூச்சிரைப்பு ஆஸ்துமா,காய்ச்சிக் ஆஸ்துமா,மூச்சுத்திணறல் ஆஸ்துமா,மூச்சிரைப்பு குண,,,,,,,,,,,,,,,,,,,,,,,,,,,,,,,,,
வெளி கட்டிகள்,,,,,,,,,,,,,,,,,,,,,,,,,,,,,,,,,,,,
குடல்புண்,குடல் புண்,குடல் புண்கள்,,,,,,,,,,,,,,,,,,,,,,,,,,,,,,,,,,
பிடிப்பு பிடிப்பு,,,,,,,,,,,,,,,,,,,,,,,,,,,,,,,,,,,,
நீரிழிவு,,,,,,,,,,,,,,,,,,,,,,,,,,,,,,,,,,,,
சர்க்கீரை நோயும்,சர்க்கீரை பலவீனம்,சர்க்கீரை நோயைக்,சர்க்கீரை சிறுநீர்,,,,,,,,,,,,,,,,,,,,,,,,,,,,,,,,,
தைராய்டு நோய்கள்,நாள்பட்ட நோய்கள்,தொண்டை நோய்கள்,தொற்று நோய்கள்,தடவினால் நோய்கள்,தைராய்டு கோளாறுகள்,இரைப்பு நோய்கள்,கரும்படை நோய்கள்,மறைப்பு நோய்கள்,உதட்டு நோய்கள்,நரம்பு நோய்கள்,கரப்பான் நோய்கள்,சிரங்கு நோய்கள்,தவளைச் நோய்கள்,,,,,,,,,,,,,,,,,,,,,,,
கழிச்சல் கடுப்பு,,,,,,,,,,,,,,,,,,,,,,,,,,,,,,,,,,,,
புற்று நோய்,புண் நோய்கள்,,,,,,,,,,,,,,,,,,,,,,,,,,,,,,,,,,,
கப நோய்கள்,கண் நோய்கள்,இதய நோய்கள்,வலி நோய்கள்,நோய்கள்,உஷ்ண நோய்கள்,மேகம் நோய்கள்,படை நோய்களைத்,வாத நோய்கள்,கடுப்பு நோய்கள்,காச நோய்கள்,கருப்பை நோய்கள்,ஆன நோய்கள்,கபநோய்கள்,பேதி நோய்கள்,சரும நோய்கள்,சொரி நோய்கள்,குடல் நோய்கள்,படை நோய்கள்,சளி நோய்கள்,பல் நோய்கள்,தோல் நோய்கள்,புண் நோய்கள்,,,,,,,,,,,,,,
தீரும் புழுக்கள்,குடல் புழுக்கள்,கரப்பான் புழுக்கள்,,,,,,,,,,,,,,,,,,,,,,,,,,,,,,,,,,
மாரடைப்பு கோளாறுகள்,நரம்புக் கோளாறுகள்,கருப்பை கோளாறுகள்,அடைப்பு குறைபாடுகள்,கருப்பைக் கோளாறுகள்,தைராய்டு கோளாறுகள்,கர்ப்பப் கோளாறுகள்,நுரையீரல் கோளாறுகள்,,,,,,,,,,,,,,,,,,,,,,,,,,,,,
வாதம் வாதமும்,வாதம் வாதம்,,,,,,,,,,,,,,,,,,,,,,,,,,,,,,,,,,,
